parts_id,count,head_link,num_minifigs,type,num_outside,perc_not,has_outside,minifigs_link
28621pb0034,1,https://bricklink.com/v2/catalog/catalogitem.page?P=28621pb0034,1,neutral,0,0,FALSE,https://www.bricklink.com/catalogItemIn.asp?P=28621pb0034&in=M
28621pb0035,1,https://bricklink.com/v2/catalog/catalogitem.page?P=28621pb0035,2,neutral,1,50,TRUE,https://www.bricklink.com/catalogItemIn.asp?P=28621pb0035&in=M
3626bpb0522,2,https://bricklink.com/v2/catalog/catalogitem.page?P=3626bpb0522,2,male,0,0,FALSE,https://www.bricklink.com/catalogItemIn.asp?P=3626bpb0522&in=M
3626bpb0524,3,https://bricklink.com/v2/catalog/catalogitem.page?P=3626bpb0524,4,male,1,25,TRUE,https://www.bricklink.com/catalogItemIn.asp?P=3626bpb0524&in=M
3626bpb0526,4,https://bricklink.com/v2/catalog/catalogitem.page?P=3626bpb0526,4,male,0,0,FALSE,https://www.bricklink.com/catalogItemIn.asp?P=3626bpb0526&in=M
3626bpb0532,4,https://bricklink.com/v2/catalog/catalogitem.page?P=3626bpb0532,4,male,0,0,FALSE,https://www.bricklink.com/catalogItemIn.asp?P=3626bpb0532&in=M
3626bpb0592,1,https://bricklink.com/v2/catalog/catalogitem.page?P=3626bpb0592,1,female,0,0,FALSE,https://www.bricklink.com/catalogItemIn.asp?P=3626bpb0592&in=M
3626bpb0767,1,https://bricklink.com/v2/catalog/catalogitem.page?P=3626bpb0767,1,male,0,0,FALSE,https://www.bricklink.com/catalogItemIn.asp?P=3626bpb0767&in=M
3626c,4,https://bricklink.com/v2/catalog/catalogitem.page?P=3626c,121,neutral,117,97,TRUE,https://www.bricklink.com/catalogItemIn.asp?P=3626c&in=M
3626cpb0471,2,https://bricklink.com/v2/catalog/catalogitem.page?P=3626cpb0471,78,neutral,76,97,TRUE,https://www.bricklink.com/catalogItemIn.asp?P=3626cpb0471&in=M
3626cpb0522,3,https://bricklink.com/v2/catalog/catalogitem.page?P=3626cpb0522,3,male,0,0,FALSE,https://www.bricklink.com/catalogItemIn.asp?P=3626cpb0522&in=M
3626cpb0524,11,https://bricklink.com/v2/catalog/catalogitem.page?P=3626cpb0524,16,male,5,31,TRUE,https://www.bricklink.com/catalogItemIn.asp?P=3626cpb0524&in=M
3626cpb0526,2,https://bricklink.com/v2/catalog/catalogitem.page?P=3626cpb0526,2,male,0,0,FALSE,https://www.bricklink.com/catalogItemIn.asp?P=3626cpb0526&in=M
3626cpb0532,11,https://bricklink.com/v2/catalog/catalogitem.page?P=3626cpb0532,16,male,5,31,TRUE,https://www.bricklink.com/catalogItemIn.asp?P=3626cpb0532&in=M
3626cpb0595,1,https://bricklink.com/v2/catalog/catalogitem.page?P=3626cpb0595,18,neutral,17,94,TRUE,https://www.bricklink.com/catalogItemIn.asp?P=3626cpb0595&in=M
3626cpb0629,1,https://bricklink.com/v2/catalog/catalogitem.page?P=3626cpb0629,39,female,38,97,TRUE,https://www.bricklink.com/catalogItemIn.asp?P=3626cpb0629&in=M
3626cpb0633,7,https://bricklink.com/v2/catalog/catalogitem.page?P=3626cpb0633,144,female,137,95,TRUE,https://www.bricklink.com/catalogItemIn.asp?P=3626cpb0633&in=M
3626cpb0654,4,https://bricklink.com/v2/catalog/catalogitem.page?P=3626cpb0654,3,neutral,-1,0,FALSE,https://www.bricklink.com/catalogItemIn.asp?P=3626cpb0654&in=M
3626cpb0681,1,https://bricklink.com/v2/catalog/catalogitem.page?P=3626cpb0681,1,female,0,0,FALSE,https://www.bricklink.com/catalogItemIn.asp?P=3626cpb0681&in=M
3626cpb0690,1,https://bricklink.com/v2/catalog/catalogitem.page?P=3626cpb0690,28,neutral,27,96,TRUE,https://www.bricklink.com/catalogItemIn.asp?P=3626cpb0690&in=M
3626cpb0846,1,https://bricklink.com/v2/catalog/catalogitem.page?P=3626cpb0846,1,neutral,0,0,FALSE,https://www.bricklink.com/catalogItemIn.asp?P=3626cpb0846&in=M
3626cpb0849,3,https://bricklink.com/v2/catalog/catalogitem.page?P=3626cpb0849,30,male,27,90,TRUE,https://www.bricklink.com/catalogItemIn.asp?P=3626cpb0849&in=M
3626cpb0852,1,https://bricklink.com/v2/catalog/catalogitem.page?P=3626cpb0852,45,male,44,98,TRUE,https://www.bricklink.com/catalogItemIn.asp?P=3626cpb0852&in=M
3626cpb0877,1,https://bricklink.com/v2/catalog/catalogitem.page?P=3626cpb0877,1,male,0,0,FALSE,https://www.bricklink.com/catalogItemIn.asp?P=3626cpb0877&in=M
3626cpb0978,1,https://bricklink.com/v2/catalog/catalogitem.page?P=3626cpb0978,6,male,5,83,TRUE,https://www.bricklink.com/catalogItemIn.asp?P=3626cpb0978&in=M
3626cpb1035,15,https://bricklink.com/v2/catalog/catalogitem.page?P=3626cpb1035,16,male,1,6,TRUE,https://www.bricklink.com/catalogItemIn.asp?P=3626cpb1035&in=M
3626cpb1040,2,https://bricklink.com/v2/catalog/catalogitem.page?P=3626cpb1040,2,male,0,0,FALSE,https://www.bricklink.com/catalogItemIn.asp?P=3626cpb1040&in=M
3626cpb1041,1,https://bricklink.com/v2/catalog/catalogitem.page?P=3626cpb1041,1,neutral,0,0,FALSE,https://www.bricklink.com/catalogItemIn.asp?P=3626cpb1041&in=M
3626cpb1047,14,https://bricklink.com/v2/catalog/catalogitem.page?P=3626cpb1047,16,male,2,12,TRUE,https://www.bricklink.com/catalogItemIn.asp?P=3626cpb1047&in=M
3626cpb1203,1,https://bricklink.com/v2/catalog/catalogitem.page?P=3626cpb1203,5,male,4,80,TRUE,https://www.bricklink.com/catalogItemIn.asp?P=3626cpb1203&in=M
3626cpb1211,2,https://bricklink.com/v2/catalog/catalogitem.page?P=3626cpb1211,70,female,68,97,TRUE,https://www.bricklink.com/catalogItemIn.asp?P=3626cpb1211&in=M
3626cpb1214,2,https://bricklink.com/v2/catalog/catalogitem.page?P=3626cpb1214,11,neutral,9,82,TRUE,https://www.bricklink.com/catalogItemIn.asp?P=3626cpb1214&in=M
3626cpb1216,1,https://bricklink.com/v2/catalog/catalogitem.page?P=3626cpb1216,1,male,0,0,FALSE,https://www.bricklink.com/catalogItemIn.asp?P=3626cpb1216&in=M
3626cpb1221,1,https://bricklink.com/v2/catalog/catalogitem.page?P=3626cpb1221,1,neutral,0,0,FALSE,https://www.bricklink.com/catalogItemIn.asp?P=3626cpb1221&in=M
3626cpb1277,1,https://bricklink.com/v2/catalog/catalogitem.page?P=3626cpb1277,29,female,28,97,TRUE,https://www.bricklink.com/catalogItemIn.asp?P=3626cpb1277&in=M
3626cpb1289,1,https://bricklink.com/v2/catalog/catalogitem.page?P=3626cpb1289,1,neutral,0,0,FALSE,https://www.bricklink.com/catalogItemIn.asp?P=3626cpb1289&in=M
3626cpb1290,1,https://bricklink.com/v2/catalog/catalogitem.page?P=3626cpb1290,33,neutral,32,97,TRUE,https://www.bricklink.com/catalogItemIn.asp?P=3626cpb1290&in=M
3626cpb1294,1,https://bricklink.com/v2/catalog/catalogitem.page?P=3626cpb1294,1,neutral,0,0,FALSE,https://www.bricklink.com/catalogItemIn.asp?P=3626cpb1294&in=M
3626cpb1297,1,https://bricklink.com/v2/catalog/catalogitem.page?P=3626cpb1297,1,neutral,0,0,FALSE,https://www.bricklink.com/catalogItemIn.asp?P=3626cpb1297&in=M
3626cpb1326,1,https://bricklink.com/v2/catalog/catalogitem.page?P=3626cpb1326,1,female,0,0,FALSE,https://www.bricklink.com/catalogItemIn.asp?P=3626cpb1326&in=M
3626cpb1330,1,https://bricklink.com/v2/catalog/catalogitem.page?P=3626cpb1330,10,male,9,90,TRUE,https://www.bricklink.com/catalogItemIn.asp?P=3626cpb1330&in=M
3626cpb1334,3,https://bricklink.com/v2/catalog/catalogitem.page?P=3626cpb1334,5,female,2,40,TRUE,https://www.bricklink.com/catalogItemIn.asp?P=3626cpb1334&in=M
3626cpb1335,1,https://bricklink.com/v2/catalog/catalogitem.page?P=3626cpb1335,14,male,13,93,TRUE,https://www.bricklink.com/catalogItemIn.asp?P=3626cpb1335&in=M
3626cpb1336,3,https://bricklink.com/v2/catalog/catalogitem.page?P=3626cpb1336,3,female,0,0,FALSE,https://www.bricklink.com/catalogItemIn.asp?P=3626cpb1336&in=M
3626cpb1337,1,https://bricklink.com/v2/catalog/catalogitem.page?P=3626cpb1337,14,neutral,13,93,TRUE,https://www.bricklink.com/catalogItemIn.asp?P=3626cpb1337&in=M
3626cpb1338,2,https://bricklink.com/v2/catalog/catalogitem.page?P=3626cpb1338,2,male,0,0,FALSE,https://www.bricklink.com/catalogItemIn.asp?P=3626cpb1338&in=M
3626cpb1388,1,https://bricklink.com/v2/catalog/catalogitem.page?P=3626cpb1388,1,male,0,0,FALSE,https://www.bricklink.com/catalogItemIn.asp?P=3626cpb1388&in=M
3626cpb1397,5,https://bricklink.com/v2/catalog/catalogitem.page?P=3626cpb1397,6,male,1,17,TRUE,https://www.bricklink.com/catalogItemIn.asp?P=3626cpb1397&in=M
3626cpb1398,3,https://bricklink.com/v2/catalog/catalogitem.page?P=3626cpb1398,20,female,17,85,TRUE,https://www.bricklink.com/catalogItemIn.asp?P=3626cpb1398&in=M
3626cpb1399,1,https://bricklink.com/v2/catalog/catalogitem.page?P=3626cpb1399,1,male,0,0,FALSE,https://www.bricklink.com/catalogItemIn.asp?P=3626cpb1399&in=M
3626cpb1446,1,https://bricklink.com/v2/catalog/catalogitem.page?P=3626cpb1446,1,neutral,0,0,FALSE,https://www.bricklink.com/catalogItemIn.asp?P=3626cpb1446&in=M
3626cpb1447,1,https://bricklink.com/v2/catalog/catalogitem.page?P=3626cpb1447,1,neutral,0,0,FALSE,https://www.bricklink.com/catalogItemIn.asp?P=3626cpb1447&in=M
3626cpb1455,1,https://bricklink.com/v2/catalog/catalogitem.page?P=3626cpb1455,1,male,0,0,FALSE,https://www.bricklink.com/catalogItemIn.asp?P=3626cpb1455&in=M
3626cpb1532,1,https://bricklink.com/v2/catalog/catalogitem.page?P=3626cpb1532,1,neutral,0,0,FALSE,https://www.bricklink.com/catalogItemIn.asp?P=3626cpb1532&in=M
3626cpb1549,2,https://bricklink.com/v2/catalog/catalogitem.page?P=3626cpb1549,2,male,0,0,FALSE,https://www.bricklink.com/catalogItemIn.asp?P=3626cpb1549&in=M
3626cpb1568,1,https://bricklink.com/v2/catalog/catalogitem.page?P=3626cpb1568,11,female,10,91,TRUE,https://www.bricklink.com/catalogItemIn.asp?P=3626cpb1568&in=M
3626cpb1571,2,https://bricklink.com/v2/catalog/catalogitem.page?P=3626cpb1571,19,female,17,89,TRUE,https://www.bricklink.com/catalogItemIn.asp?P=3626cpb1571&in=M
3626cpb1583,1,https://bricklink.com/v2/catalog/catalogitem.page?P=3626cpb1583,1,neutral,0,0,FALSE,https://www.bricklink.com/catalogItemIn.asp?P=3626cpb1583&in=M
3626cpb1661,5,https://bricklink.com/v2/catalog/catalogitem.page?P=3626cpb1661,7,neutral,2,28.999999999999996,TRUE,https://www.bricklink.com/catalogItemIn.asp?P=3626cpb1661&in=M
3626cpb1667,4,https://bricklink.com/v2/catalog/catalogitem.page?P=3626cpb1667,5,neutral,1,20,TRUE,https://www.bricklink.com/catalogItemIn.asp?P=3626cpb1667&in=M
3626cpb1687,2,https://bricklink.com/v2/catalog/catalogitem.page?P=3626cpb1687,2,neutral,0,0,FALSE,https://www.bricklink.com/catalogItemIn.asp?P=3626cpb1687&in=M
3626cpb1690,1,https://bricklink.com/v2/catalog/catalogitem.page?P=3626cpb1690,1,neutral,0,0,FALSE,https://www.bricklink.com/catalogItemIn.asp?P=3626cpb1690&in=M
3626cpb1703,1,https://bricklink.com/v2/catalog/catalogitem.page?P=3626cpb1703,1,female,0,0,FALSE,https://www.bricklink.com/catalogItemIn.asp?P=3626cpb1703&in=M
3626cpb1705,1,https://bricklink.com/v2/catalog/catalogitem.page?P=3626cpb1705,1,female,0,0,FALSE,https://www.bricklink.com/catalogItemIn.asp?P=3626cpb1705&in=M
3626cpb1735,1,https://bricklink.com/v2/catalog/catalogitem.page?P=3626cpb1735,1,male,0,0,FALSE,https://www.bricklink.com/catalogItemIn.asp?P=3626cpb1735&in=M
3626cpb1749,1,https://bricklink.com/v2/catalog/catalogitem.page?P=3626cpb1749,1,neutral,0,0,FALSE,https://www.bricklink.com/catalogItemIn.asp?P=3626cpb1749&in=M
3626cpb1759,1,https://bricklink.com/v2/catalog/catalogitem.page?P=3626cpb1759,1,female,0,0,FALSE,https://www.bricklink.com/catalogItemIn.asp?P=3626cpb1759&in=M
3626cpb1760,1,https://bricklink.com/v2/catalog/catalogitem.page?P=3626cpb1760,1,neutral,0,0,FALSE,https://www.bricklink.com/catalogItemIn.asp?P=3626cpb1760&in=M
3626cpb1761,1,https://bricklink.com/v2/catalog/catalogitem.page?P=3626cpb1761,1,female,0,0,FALSE,https://www.bricklink.com/catalogItemIn.asp?P=3626cpb1761&in=M
3626cpb1762,1,https://bricklink.com/v2/catalog/catalogitem.page?P=3626cpb1762,1,male,0,0,FALSE,https://www.bricklink.com/catalogItemIn.asp?P=3626cpb1762&in=M
3626cpb1778,1,https://bricklink.com/v2/catalog/catalogitem.page?P=3626cpb1778,20,female,19,95,TRUE,https://www.bricklink.com/catalogItemIn.asp?P=3626cpb1778&in=M
3626cpb1790,1,https://bricklink.com/v2/catalog/catalogitem.page?P=3626cpb1790,1,female,0,0,FALSE,https://www.bricklink.com/catalogItemIn.asp?P=3626cpb1790&in=M
3626cpb1791,1,https://bricklink.com/v2/catalog/catalogitem.page?P=3626cpb1791,1,neutral,0,0,FALSE,https://www.bricklink.com/catalogItemIn.asp?P=3626cpb1791&in=M
3626cpb1792,1,https://bricklink.com/v2/catalog/catalogitem.page?P=3626cpb1792,1,neutral,0,0,FALSE,https://www.bricklink.com/catalogItemIn.asp?P=3626cpb1792&in=M
3626cpb1842,1,https://bricklink.com/v2/catalog/catalogitem.page?P=3626cpb1842,6,female,5,83,TRUE,https://www.bricklink.com/catalogItemIn.asp?P=3626cpb1842&in=M
3626cpb1843,1,https://bricklink.com/v2/catalog/catalogitem.page?P=3626cpb1843,1,neutral,0,0,FALSE,https://www.bricklink.com/catalogItemIn.asp?P=3626cpb1843&in=M
3626cpb1869,1,https://bricklink.com/v2/catalog/catalogitem.page?P=3626cpb1869,1,neutral,0,0,FALSE,https://www.bricklink.com/catalogItemIn.asp?P=3626cpb1869&in=M
3626cpb1879,1,https://bricklink.com/v2/catalog/catalogitem.page?P=3626cpb1879,20,neutral,19,95,TRUE,https://www.bricklink.com/catalogItemIn.asp?P=3626cpb1879&in=M
3626cpb1886,1,https://bricklink.com/v2/catalog/catalogitem.page?P=3626cpb1886,1,male,0,0,FALSE,https://www.bricklink.com/catalogItemIn.asp?P=3626cpb1886&in=M
3626cpb1888,9,https://bricklink.com/v2/catalog/catalogitem.page?P=3626cpb1888,9,female,0,0,FALSE,https://www.bricklink.com/catalogItemIn.asp?P=3626cpb1888&in=M
3626cpb1889,30,https://bricklink.com/v2/catalog/catalogitem.page?P=3626cpb1889,30,neutral,0,0,FALSE,https://www.bricklink.com/catalogItemIn.asp?P=3626cpb1889&in=M
3626cpb1890,29,https://bricklink.com/v2/catalog/catalogitem.page?P=3626cpb1890,30,neutral,1,3,TRUE,https://www.bricklink.com/catalogItemIn.asp?P=3626cpb1890&in=M
3626cpb1891,3,https://bricklink.com/v2/catalog/catalogitem.page?P=3626cpb1891,3,male,0,0,FALSE,https://www.bricklink.com/catalogItemIn.asp?P=3626cpb1891&in=M
3626cpb1892,28,https://bricklink.com/v2/catalog/catalogitem.page?P=3626cpb1892,29,neutral,1,3,TRUE,https://www.bricklink.com/catalogItemIn.asp?P=3626cpb1892&in=M
3626cpb1893,27,https://bricklink.com/v2/catalog/catalogitem.page?P=3626cpb1893,29,neutral,2,7.000000000000001,TRUE,https://www.bricklink.com/catalogItemIn.asp?P=3626cpb1893&in=M
3626cpb1894,1,https://bricklink.com/v2/catalog/catalogitem.page?P=3626cpb1894,8,neutral,7,88,TRUE,https://www.bricklink.com/catalogItemIn.asp?P=3626cpb1894&in=M
3626cpb1895,1,https://bricklink.com/v2/catalog/catalogitem.page?P=3626cpb1895,1,male,0,0,FALSE,https://www.bricklink.com/catalogItemIn.asp?P=3626cpb1895&in=M
3626cpb1899,1,https://bricklink.com/v2/catalog/catalogitem.page?P=3626cpb1899,1,neutral,0,0,FALSE,https://www.bricklink.com/catalogItemIn.asp?P=3626cpb1899&in=M
3626cpb1900,2,https://bricklink.com/v2/catalog/catalogitem.page?P=3626cpb1900,2,neutral,0,0,FALSE,https://www.bricklink.com/catalogItemIn.asp?P=3626cpb1900&in=M
3626cpb1901,1,https://bricklink.com/v2/catalog/catalogitem.page?P=3626cpb1901,1,female,0,0,FALSE,https://www.bricklink.com/catalogItemIn.asp?P=3626cpb1901&in=M
3626cpb1902,3,https://bricklink.com/v2/catalog/catalogitem.page?P=3626cpb1902,3,male,0,0,FALSE,https://www.bricklink.com/catalogItemIn.asp?P=3626cpb1902&in=M
3626cpb1903,1,https://bricklink.com/v2/catalog/catalogitem.page?P=3626cpb1903,1,male,0,0,FALSE,https://www.bricklink.com/catalogItemIn.asp?P=3626cpb1903&in=M
3626cpb1904,3,https://bricklink.com/v2/catalog/catalogitem.page?P=3626cpb1904,3,male,0,0,FALSE,https://www.bricklink.com/catalogItemIn.asp?P=3626cpb1904&in=M
3626cpb1905,1,https://bricklink.com/v2/catalog/catalogitem.page?P=3626cpb1905,1,female,0,0,FALSE,https://www.bricklink.com/catalogItemIn.asp?P=3626cpb1905&in=M
3626cpb1906,3,https://bricklink.com/v2/catalog/catalogitem.page?P=3626cpb1906,3,male,0,0,FALSE,https://www.bricklink.com/catalogItemIn.asp?P=3626cpb1906&in=M
3626cpb1907,1,https://bricklink.com/v2/catalog/catalogitem.page?P=3626cpb1907,1,neutral,0,0,FALSE,https://www.bricklink.com/catalogItemIn.asp?P=3626cpb1907&in=M
3626cpb1917,2,https://bricklink.com/v2/catalog/catalogitem.page?P=3626cpb1917,3,neutral,1,33,TRUE,https://www.bricklink.com/catalogItemIn.asp?P=3626cpb1917&in=M
3626cpb1918,3,https://bricklink.com/v2/catalog/catalogitem.page?P=3626cpb1918,3,male,0,0,FALSE,https://www.bricklink.com/catalogItemIn.asp?P=3626cpb1918&in=M
3626cpb1919,1,https://bricklink.com/v2/catalog/catalogitem.page?P=3626cpb1919,2,male,1,50,TRUE,https://www.bricklink.com/catalogItemIn.asp?P=3626cpb1919&in=M
3626cpb1923,1,https://bricklink.com/v2/catalog/catalogitem.page?P=3626cpb1923,1,neutral,0,0,FALSE,https://www.bricklink.com/catalogItemIn.asp?P=3626cpb1923&in=M
3626cpb1926,1,https://bricklink.com/v2/catalog/catalogitem.page?P=3626cpb1926,1,female,0,0,FALSE,https://www.bricklink.com/catalogItemIn.asp?P=3626cpb1926&in=M
3626cpb1927,3,https://bricklink.com/v2/catalog/catalogitem.page?P=3626cpb1927,6,male,3,50,TRUE,https://www.bricklink.com/catalogItemIn.asp?P=3626cpb1927&in=M
3626cpb1928,1,https://bricklink.com/v2/catalog/catalogitem.page?P=3626cpb1928,1,neutral,0,0,FALSE,https://www.bricklink.com/catalogItemIn.asp?P=3626cpb1928&in=M
3626cpb1929,1,https://bricklink.com/v2/catalog/catalogitem.page?P=3626cpb1929,1,neutral,0,0,FALSE,https://www.bricklink.com/catalogItemIn.asp?P=3626cpb1929&in=M
3626cpb1930,3,https://bricklink.com/v2/catalog/catalogitem.page?P=3626cpb1930,3,male,0,0,FALSE,https://www.bricklink.com/catalogItemIn.asp?P=3626cpb1930&in=M
3626cpb1931,4,https://bricklink.com/v2/catalog/catalogitem.page?P=3626cpb1931,6,male,2,33,TRUE,https://www.bricklink.com/catalogItemIn.asp?P=3626cpb1931&in=M
3626cpb1933,1,https://bricklink.com/v2/catalog/catalogitem.page?P=3626cpb1933,34,neutral,33,97,TRUE,https://www.bricklink.com/catalogItemIn.asp?P=3626cpb1933&in=M
3626cpb1937,2,https://bricklink.com/v2/catalog/catalogitem.page?P=3626cpb1937,2,male,0,0,FALSE,https://www.bricklink.com/catalogItemIn.asp?P=3626cpb1937&in=M
3626cpb2007,2,https://bricklink.com/v2/catalog/catalogitem.page?P=3626cpb2007,2,female,0,0,FALSE,https://www.bricklink.com/catalogItemIn.asp?P=3626cpb2007&in=M
3626cpb2020,1,https://bricklink.com/v2/catalog/catalogitem.page?P=3626cpb2020,1,neutral,0,0,FALSE,https://www.bricklink.com/catalogItemIn.asp?P=3626cpb2020&in=M
3626cpb2021,1,https://bricklink.com/v2/catalog/catalogitem.page?P=3626cpb2021,1,female,0,0,FALSE,https://www.bricklink.com/catalogItemIn.asp?P=3626cpb2021&in=M
3626cpb2028,1,https://bricklink.com/v2/catalog/catalogitem.page?P=3626cpb2028,4,neutral,3,75,TRUE,https://www.bricklink.com/catalogItemIn.asp?P=3626cpb2028&in=M
3626cpb2030,2,https://bricklink.com/v2/catalog/catalogitem.page?P=3626cpb2030,2,male,0,0,FALSE,https://www.bricklink.com/catalogItemIn.asp?P=3626cpb2030&in=M
3626cpb2038,1,https://bricklink.com/v2/catalog/catalogitem.page?P=3626cpb2038,1,neutral,0,0,FALSE,https://www.bricklink.com/catalogItemIn.asp?P=3626cpb2038&in=M
3626cpb2041,1,https://bricklink.com/v2/catalog/catalogitem.page?P=3626cpb2041,1,male,0,0,FALSE,https://www.bricklink.com/catalogItemIn.asp?P=3626cpb2041&in=M
3626cpb2042,1,https://bricklink.com/v2/catalog/catalogitem.page?P=3626cpb2042,1,female,0,0,FALSE,https://www.bricklink.com/catalogItemIn.asp?P=3626cpb2042&in=M
3626cpb2048,1,https://bricklink.com/v2/catalog/catalogitem.page?P=3626cpb2048,1,male,0,0,FALSE,https://www.bricklink.com/catalogItemIn.asp?P=3626cpb2048&in=M
3626cpb2051,1,https://bricklink.com/v2/catalog/catalogitem.page?P=3626cpb2051,1,male,0,0,FALSE,https://www.bricklink.com/catalogItemIn.asp?P=3626cpb2051&in=M
3626cpb2054,1,https://bricklink.com/v2/catalog/catalogitem.page?P=3626cpb2054,12,male,11,92,TRUE,https://www.bricklink.com/catalogItemIn.asp?P=3626cpb2054&in=M
3626cpb2062,2,https://bricklink.com/v2/catalog/catalogitem.page?P=3626cpb2062,2,female,0,0,FALSE,https://www.bricklink.com/catalogItemIn.asp?P=3626cpb2062&in=M
3626cpb2063,1,https://bricklink.com/v2/catalog/catalogitem.page?P=3626cpb2063,1,male,0,0,FALSE,https://www.bricklink.com/catalogItemIn.asp?P=3626cpb2063&in=M
3626cpb2070,1,https://bricklink.com/v2/catalog/catalogitem.page?P=3626cpb2070,1,male,0,0,FALSE,https://www.bricklink.com/catalogItemIn.asp?P=3626cpb2070&in=M
3626cpb2071,1,https://bricklink.com/v2/catalog/catalogitem.page?P=3626cpb2071,1,male,0,0,FALSE,https://www.bricklink.com/catalogItemIn.asp?P=3626cpb2071&in=M
3626cpb2205,5,https://bricklink.com/v2/catalog/catalogitem.page?P=3626cpb2205,7,male,2,28.999999999999996,TRUE,https://www.bricklink.com/catalogItemIn.asp?P=3626cpb2205&in=M
3626cpb2222,2,https://bricklink.com/v2/catalog/catalogitem.page?P=3626cpb2222,2,neutral,0,0,FALSE,https://www.bricklink.com/catalogItemIn.asp?P=3626cpb2222&in=M
3626cpb2234,2,https://bricklink.com/v2/catalog/catalogitem.page?P=3626cpb2234,2,female,0,0,FALSE,https://www.bricklink.com/catalogItemIn.asp?P=3626cpb2234&in=M
3626cpb2241,1,https://bricklink.com/v2/catalog/catalogitem.page?P=3626cpb2241,1,female,0,0,FALSE,https://www.bricklink.com/catalogItemIn.asp?P=3626cpb2241&in=M
3626cpb2242,1,https://bricklink.com/v2/catalog/catalogitem.page?P=3626cpb2242,1,male,0,0,FALSE,https://www.bricklink.com/catalogItemIn.asp?P=3626cpb2242&in=M
3626cpb2244,1,https://bricklink.com/v2/catalog/catalogitem.page?P=3626cpb2244,1,neutral,0,0,FALSE,https://www.bricklink.com/catalogItemIn.asp?P=3626cpb2244&in=M
3626cpb2245,1,https://bricklink.com/v2/catalog/catalogitem.page?P=3626cpb2245,1,female,0,0,FALSE,https://www.bricklink.com/catalogItemIn.asp?P=3626cpb2245&in=M
3626cpb2249,20,https://bricklink.com/v2/catalog/catalogitem.page?P=3626cpb2249,20,female,0,0,FALSE,https://www.bricklink.com/catalogItemIn.asp?P=3626cpb2249&in=M
3626cpb2290,2,https://bricklink.com/v2/catalog/catalogitem.page?P=3626cpb2290,2,neutral,0,0,FALSE,https://www.bricklink.com/catalogItemIn.asp?P=3626cpb2290&in=M
3626cpb2381,1,https://bricklink.com/v2/catalog/catalogitem.page?P=3626cpb2381,16,female,15,94,TRUE,https://www.bricklink.com/catalogItemIn.asp?P=3626cpb2381&in=M
3626cpb2407,1,https://bricklink.com/v2/catalog/catalogitem.page?P=3626cpb2407,1,neutral,0,0,FALSE,https://www.bricklink.com/catalogItemIn.asp?P=3626cpb2407&in=M
3626cpb2424,4,https://bricklink.com/v2/catalog/catalogitem.page?P=3626cpb2424,4,male,0,0,FALSE,https://www.bricklink.com/catalogItemIn.asp?P=3626cpb2424&in=M
3626cpb2425,1,https://bricklink.com/v2/catalog/catalogitem.page?P=3626cpb2425,1,female,0,0,FALSE,https://www.bricklink.com/catalogItemIn.asp?P=3626cpb2425&in=M
3626cpb2445,1,https://bricklink.com/v2/catalog/catalogitem.page?P=3626cpb2445,1,neutral,0,0,FALSE,https://www.bricklink.com/catalogItemIn.asp?P=3626cpb2445&in=M
3626cpb2446,1,https://bricklink.com/v2/catalog/catalogitem.page?P=3626cpb2446,1,neutral,0,0,FALSE,https://www.bricklink.com/catalogItemIn.asp?P=3626cpb2446&in=M
3626cpb2529,2,https://bricklink.com/v2/catalog/catalogitem.page?P=3626cpb2529,2,neutral,0,0,FALSE,https://www.bricklink.com/catalogItemIn.asp?P=3626cpb2529&in=M
3626cpb2534,1,https://bricklink.com/v2/catalog/catalogitem.page?P=3626cpb2534,6,male,5,83,TRUE,https://www.bricklink.com/catalogItemIn.asp?P=3626cpb2534&in=M
3626cpb2541,1,https://bricklink.com/v2/catalog/catalogitem.page?P=3626cpb2541,1,neutral,0,0,FALSE,https://www.bricklink.com/catalogItemIn.asp?P=3626cpb2541&in=M
3626cpb2549,2,https://bricklink.com/v2/catalog/catalogitem.page?P=3626cpb2549,2,neutral,0,0,FALSE,https://www.bricklink.com/catalogItemIn.asp?P=3626cpb2549&in=M
3626cpb2553,2,https://bricklink.com/v2/catalog/catalogitem.page?P=3626cpb2553,2,neutral,0,0,FALSE,https://www.bricklink.com/catalogItemIn.asp?P=3626cpb2553&in=M
3626cpb2554,1,https://bricklink.com/v2/catalog/catalogitem.page?P=3626cpb2554,1,neutral,0,0,FALSE,https://www.bricklink.com/catalogItemIn.asp?P=3626cpb2554&in=M
3626cpb2555,1,https://bricklink.com/v2/catalog/catalogitem.page?P=3626cpb2555,1,neutral,0,0,FALSE,https://www.bricklink.com/catalogItemIn.asp?P=3626cpb2555&in=M
3626cpb2560,1,https://bricklink.com/v2/catalog/catalogitem.page?P=3626cpb2560,1,neutral,0,0,FALSE,https://www.bricklink.com/catalogItemIn.asp?P=3626cpb2560&in=M
3626cpb2563,1,https://bricklink.com/v2/catalog/catalogitem.page?P=3626cpb2563,2,neutral,1,50,TRUE,https://www.bricklink.com/catalogItemIn.asp?P=3626cpb2563&in=M
3626cpb2572,1,https://bricklink.com/v2/catalog/catalogitem.page?P=3626cpb2572,1,female,0,0,FALSE,https://www.bricklink.com/catalogItemIn.asp?P=3626cpb2572&in=M
3626cpb2573,1,https://bricklink.com/v2/catalog/catalogitem.page?P=3626cpb2573,1,male,0,0,FALSE,https://www.bricklink.com/catalogItemIn.asp?P=3626cpb2573&in=M
3626cpb2588,1,https://bricklink.com/v2/catalog/catalogitem.page?P=3626cpb2588,4,female,3,75,TRUE,https://www.bricklink.com/catalogItemIn.asp?P=3626cpb2588&in=M
3626cpb2633,2,https://bricklink.com/v2/catalog/catalogitem.page?P=3626cpb2633,2,neutral,0,0,FALSE,https://www.bricklink.com/catalogItemIn.asp?P=3626cpb2633&in=M
3626cpb2640,1,https://bricklink.com/v2/catalog/catalogitem.page?P=3626cpb2640,1,neutral,0,0,FALSE,https://www.bricklink.com/catalogItemIn.asp?P=3626cpb2640&in=M
3626cpb2641,1,https://bricklink.com/v2/catalog/catalogitem.page?P=3626cpb2641,1,neutral,0,0,FALSE,https://www.bricklink.com/catalogItemIn.asp?P=3626cpb2641&in=M
3626cpb2661,1,https://bricklink.com/v2/catalog/catalogitem.page?P=3626cpb2661,1,female,0,0,FALSE,https://www.bricklink.com/catalogItemIn.asp?P=3626cpb2661&in=M
3626cpb2732,3,https://bricklink.com/v2/catalog/catalogitem.page?P=3626cpb2732,3,neutral,0,0,FALSE,https://www.bricklink.com/catalogItemIn.asp?P=3626cpb2732&in=M
3626cpb2751,1,https://bricklink.com/v2/catalog/catalogitem.page?P=3626cpb2751,1,male,0,0,FALSE,https://www.bricklink.com/catalogItemIn.asp?P=3626cpb2751&in=M
3626cpb2757,1,https://bricklink.com/v2/catalog/catalogitem.page?P=3626cpb2757,1,male,0,0,FALSE,https://www.bricklink.com/catalogItemIn.asp?P=3626cpb2757&in=M
3626cpb2758,1,https://bricklink.com/v2/catalog/catalogitem.page?P=3626cpb2758,2,male,1,50,TRUE,https://www.bricklink.com/catalogItemIn.asp?P=3626cpb2758&in=M
3626cpb2759,1,https://bricklink.com/v2/catalog/catalogitem.page?P=3626cpb2759,1,male,0,0,FALSE,https://www.bricklink.com/catalogItemIn.asp?P=3626cpb2759&in=M
3626cpb2812,1,https://bricklink.com/v2/catalog/catalogitem.page?P=3626cpb2812,1,female,0,0,FALSE,https://www.bricklink.com/catalogItemIn.asp?P=3626cpb2812&in=M
3626cpb2828,1,https://bricklink.com/v2/catalog/catalogitem.page?P=3626cpb2828,1,neutral,0,0,FALSE,https://www.bricklink.com/catalogItemIn.asp?P=3626cpb2828&in=M
3626cpb3031,1,https://bricklink.com/v2/catalog/catalogitem.page?P=3626cpb3031,1,neutral,0,0,FALSE,https://www.bricklink.com/catalogItemIn.asp?P=3626cpb3031&in=M
3626cpb3038,1,https://bricklink.com/v2/catalog/catalogitem.page?P=3626cpb3038,1,male,0,0,FALSE,https://www.bricklink.com/catalogItemIn.asp?P=3626cpb3038&in=M
3626cpb3047,1,https://bricklink.com/v2/catalog/catalogitem.page?P=3626cpb3047,1,female,0,0,FALSE,https://www.bricklink.com/catalogItemIn.asp?P=3626cpb3047&in=M
