,Item #,Description,Expression 1,Expression 2,Color,,,Child,Youth/Young Adult,Older Adult
,3626bpb0063,"Minifigure, Head Female with Green Lips and Red Eyebrows Pattern (Poison Ivy) ",Smirk,,Light Nougat,,,,1,
,3626bpb0069,"Minifigure, Head Female Blue Green Eyes, Brown Hair Lines on Sides Pattern (Katara) ",Neutral,,Light Nougat,,,1,1,
,3626bpb0076,"Minifigure, Head Female with Peach Lips, Blue Eyes, Tan Bangs Pattern (SW Juno) ",Neutral,,Light Nougat,,,1,1,
,3626bpb0205,"Minifigure, Head Female with Brown Thin Eyebrows, White Pupils and Short Eyelashes, Wide Smile with Red Lips Pattern ",Smile,,Light Nougat,,,1,1,
,3626bpb0210,"Minifigure, Head Dual Sided Female with Awake / Asleep Pattern (HP Hermione) ",Smirk,Sleepy,Light Nougat,,,1,1,
,3626bpb0211,"Minifigure, Head Female Glasses, White Pupils, Red Lips and Dimples Pattern (HP Professor Trelawney) ",Neutral,,Light Nougat,,,,,1
,3626bpb0242,"Minifigure, Head Female with Brown Thin Eyebrows, White Pupils, Short Eyelashes, Wide Smile with Pink Lips Pattern ",Smile,,Light Nougat,,,1,1,
,3626bpb0257,"Minifigure, Head Dual Sided Female Red Lips with Smirk and Silver Glasses / Arched Eyebrows Pattern ",Neutral,Smirk,Light Nougat,,,,1,
,3626bpb0286,"Minifigure, Head Female with Peach Lips, Stern Eyebrows, White Pupils Pattern (Irina) ",Neutral,,Light Nougat,,,,1,
,3626bpb0290,"Minifigure, Head Female Reddish Brown Eyebrows, Red Lips Pattern (Trixie) ",Neutral,,Light Nougat,,,,1,
,3626bpb0291,"Minifigure, Head Female Brown Hair and Eyebrows, Red Lips Frown Pattern ",Sad,,Light Nougat,,,,1,
,3626bpb0416,"Minifigure, Head Dual Sided Female Eyelashes, Eye Shadow, Dark Red Lips, Smile / Frown Pattern (Tamina, Leia) ",Smile,Frown,Light Nougat,,,,1,
,3626bpb0476,"Minifigure, Head Dual Sided Female with Freckles and Eyelashes, Smile / Frown Pattern (HP Ginny Weasley) ",Smile,Neutral,Light Nougat,,,1,1,
,3626bpb0477,"Minifigure, Head Female with Peach Lips, Crow's Feet and Mouth Lines Pattern (HP Mrs. Weasley) ",Smile,,Light Nougat,,,,,1
,3626bpb0482,"Minifigure, Head Dual Sided Female Smile / Annoyed Pattern ",Smile,Annoyed,Light Nougat,,,,1,
,3626bpb0489,"Minifigure, Head Dual Sided Female, Red Lips, Goggles / no Goggles Pattern (HP Madame Hooch) ",Smirk,Smile,Light Nougat,,,,,1
,3626bpb0494,"Minifigure, Head Dual Sided Female, Dark Pink Lips, Spectrespecs / No Spectrespecs Pattern (HP Luna) ",Smile,Neutral,Light Nougat,,,,1,
,3626bpb0556,"Minifigure, Head Dual Sided Female PotC Elizabeth Light Brown Eyebrows and Dimple, Smile / Scared Pattern ",Smile,Scared,Light Nougat,,,,1,
,3626bpb0564,"Minifigure, Head Dual Sided Female, Dark Brown Eyebrows and Eye Shadow, Medium Nougat Lips, Neutral / Conniving Pattern ",Neutral,Smirk,Light Nougat,,,1,1,
,3626bpb0569,"Minifigure, Head Dual Sided Female Mermaid with Dark Brown Sad Eyebrows and Tear / Scales and Gills Pattern ",Sad,Neutral,Light Nougat,,,,1,
,3626bpb0570,"Minifigure, Head Dual Sided Female Mermaid with Dark Brown Eyebrows and Dimple / Bared Teeth and Gills Pattern ",Smile,Angry,Light Nougat,,,,1,
,3626bpb0590,"Minifigure, Head Dual Sided Female, Dark Brown Eyebrows, Crow's Feet, Smile / Angry Pattern (HP Narcissa) ",Sad,Angry,Light Nougat,,,,,1
,3626bpb0600,"Minifigure, Head Female Dark Bluish Gray Eyebrows, Peach Lips Pattern (HP Professor Sprout) ",Smile,,Light Nougat,,,,,1
,3626bpb0635,"Minifigure, Head Dual Sided Female Eyelashes and Red Lips, Smile / Angry Pattern ",Smile,Angry,Light Nougat,,,,1,
,3626bpb0645,"Minifigure, Head Dual Sided Female Purple Lips with Smirk and Glasses / Arched Eyebrows and Eyelashes Pattern ",Smirk,Smile,Light Nougat,,,,1,
,3626bpb0672,"Minifigure, Head Female SW Barriss Offee, Purple Lips, Dark Tan Tattoo Pattern ",Neutral,,Light Nougat,,,,1,
,3626cpb0205,"Minifigure, Head Female with Brown Thin Eyebrows, White Pupils and Short Eyelashes, Wide Smile with Red Lips Pattern ",Smile,,Light Nougat,,,1,1,
,3626cpb0242,"Minifigure, Head Female with Brown Thin Eyebrows, White Pupils, Short Eyelashes, Wide Smile with Pink Lips Pattern ",Smile,,Light Nougat,,,1,1,
,3626cpb0416,"Minifigure, Head Dual Sided Female Eyelashes, Eye Shadow, Dark Red Lips, Smile / Frown Pattern (Tamina, Leia) ",Smile,Frown,Light Nougat,,,,1,
,3626cpb0482,"Minifigure, Head Dual Sided Female Smile / Annoyed Pattern ",Smile,Annoyed,Light Nougat,,,,1,
,3626cpb0489,"Minifigure, Head Dual Sided Female, Red Lips, Goggles / no Goggles Pattern (HP Madame Hooch) ",Smirk,Smile,Light Nougat,,,,,1
,3626cpb0556,"Minifigure, Head Dual Sided Female PotC Elizabeth Light Brown Eyebrows and Dimple, Smile / Scared Pattern ",Smile,Scared,Light Nougat,,,,1,
,3626cpb0564,"Minifigure, Head Dual Sided Female, Dark Brown Eyebrows and Eye Shadow, Medium Nougat Lips, Neutral / Conniving Pattern ",Neutral,Smirk,Light Nougat,,,1,1,
,3626cpb0569,"Minifigure, Head Dual Sided Female Mermaid with Dark Brown Sad Eyebrows and Tear / Scales and Gills Pattern ",Sad,Neutral,Light Nougat,,,,1,
,3626cpb0590,"Minifigure, Head Dual Sided Female, Dark Brown Eyebrows, Crow's Feet, Smile / Angry Pattern (HP Narcissa) ",Sad,Angry,Light Nougat,,,,,1
,3626cpb0600,"Minifigure, Head Female Dark Bluish Gray Eyebrows, Peach Lips Pattern (HP Professor Sprout) ",Smile,,Light Nougat,,,,,1
,3626cpb0635,"Minifigure, Head Dual Sided Female Eyelashes and Red Lips, Smile / Angry Pattern ",Smile,Angry,Light Nougat,,,,1,
,3626cpb0645,"Minifigure, Head Dual Sided Female Purple Lips with Smirk and Glasses / Arched Eyebrows and Eyelashes Pattern ",Smirk,Smile,Light Nougat,,,,1,
,3626cpb0672,"Minifigure, Head Female SW Barriss Offee, Purple Lips, Dark Tan Tattoo Pattern ",Neutral,,Light Nougat,,,,1,
,3626cpb0706,"Minifigure, Head Dual Sided Female, Dark Orange Eyebrows, Eyelashes and Cheek Lines, Smile / Angry Pattern ",Smile,Angry,Light Nougat,,,,,1
,3626cpb0711,"Minifigure, Head Dual Sided Female Green Lips and Orange Eyebrows, Smile / Bared Teeth Pattern ",Smirk,Angry,Light Nougat,,,,1,
,3626cpb0813,"Minifigure, Head Dual Sided Female LotR Tauriel, Freckles, Calm / Angry, Bared Teeth Pattern ",Neutral,Angry,Light Nougat,,,,,
,3626cpb0909,"Minifigure, Head Dual Sided Female Dark Orange Eyebrows, Freckles, Eyelashes, Dark Red Lips, Smile / Scared Pattern ",Smile,Scared,Light Nougat,,,1,1,
,3626cpb0953,"Minifigure, Head Dual Sided Female Dark Pink Lips, Eyebrow Raised / Scared Pattern (Red Harrington) ",Smirk,Scared,Light Nougat,,,,1,
,3626cpb0958,"Minifigure, Head Dual Sided Female Red Lips, Determined / Scared Pattern (Rebecca Reid) ",Frown,Scared,Light Nougat,,,,1,
,3626cpb0966,"Minifigure, Head Dual Sided Female Glasses, Dark Red Lips / Black Eye Mask, White Face Paint, Open Mouth Smile Pattern (Dr Harleen Quinzel) ",Smirk,Evil,Light Nougat,,,,1,
,3626cpb1002,"Minifigure, Head Dual Sided Female Eyelashes and Red Lips, Smile / Yellow Eyes Angry Pattern (Phoenix Jean Grey) ",Smile,Evil,Light Nougat,,,,1,
,3626cpb1006,"Minifigure, Head Dual Sided Female Dark Orange Eyebrows, Freckles, Tan Lips, Closed Mouth Smile / Open Mouth Scowl Pattern ",Smile,Frown,Light Nougat,,,,1,
,3626cpb1099,"Minifigure, Head Dual Sided Female Black Eyebrows, Eyelashes, Red Lips, Dimples, Smile / Scared Pattern (Mary Jane 5) ",Smile,Surprised,Light Nougat,,,,1,
,3626cpb1103,"Minifigure, Head Dual Sided Female Red Lips and Eye Shadow, Beauty Mark, Mouth Closed / Bared Teeth Pattern (Karai) ",Neutral,Angry,Light Nougat,,,,1,
,3626cpb1201,"Minifigure, Head Dual Sided Female LotR Galadriel Eyelashes, Medium Nougat Lips, Neutral / Angry, White Eyes Pattern ",Neutral,Evil,Light Nougat,,,,,1
,3626cpb1212,"Minifigure, Head Dual Sided Female Dark Red Eyebrows, Eyelashes, Pink Lips, Cheek Lines, Smile / Bared Teeth Pattern (April O'Neil) ",Smile,Angry,Light Nougat,,,,1,1
,3626cpb1227,"Minifigure, Head Dual Sided Female Black Eyebrows, Eyelashes, Medium Nougat Lips, Smile / Bared Teeth with Red Eyes Pattern ",Smile,Evil,Light Nougat,,,,1,
,3626cpb1237,"Minifigure, Head Dual Sided Female Black Eyebrows, Light Orange Lips and Beauty Mark / Open Mouth Pattern ",Neutral,Angry,Light Nougat,,,1,1,
,3626cpb1283,"Minifigure, Head Dual Sided Female Red Lips, Goggles, Closed Mouth / Open Mouth Smile Pattern (Christina Hydron) ",Smile,Neutral,Light Nougat,,,,1,
,3626cpb1363,"Minifigure, Head Dual Sided Female Magenta Eyebrows and Lips, Lime Eyes, Smile / Clenched Pattern (Starfire) ",Smile,Scared,Light Nougat,,,,1,
,3626cpb1368,"Minifigure, Head Dual Sided Female Dark Orange Eyebrows, Eyelashes, Nougat Lips, Determined / Worried Pattern ",Frown,Sad,Light Nougat,,,,1,
,3626cpb1377,"Minifigure, Head Dual Sided Female Freckles, Blue Tinted Glasses, Smiling / Scared Clenched Teeth Pattern (Velma) ",Smile,Scared,Light Nougat,,,1,1,
,3626cpb1437,"Minifigure, Head Female Dark Gray Eyebrows, Red Lips, Cheek Lines Pattern ",Neutral,,Light Nougat,,,,,1
,3626cpb1438,"Minifigure, Head Dual Sided Female with Black Eyebrows, Pink Lips, Smile / Concerned with Raised Right Eyebrow Pattern ",Neutral,Smirk,Light Nougat,,,1,1,
,3626cpb1458,"Minifigure, Head Dual Sided Female Glasses Red Frames, Dark Brown Eyebrows with Open Smile / Slight Smile Pattern (Amy Fowler) ",Happy,Smile,Light Nougat,,,,1,
,3626cpb1459,"Minifigure, Head Dual Sided Female Glasses Red Angled Frames, Dark Tan Eyebrows with Open Smile / Angry Pattern (Bernadette) ",Happy,Angry,Light Nougat,,,,1,
,3626cpb1479,"Minifigure, Head Dual Sided Female Black Eyebrows, Eyelashes, Pink Lips, Cheek Lines, Frown / Bared Teeth Pattern (Karai) ",Frown,Angry,Light Nougat,,,,1,1
,3626cpb1489,"Minifigure, Head Dual Sided Female Dark Tan Eyebrows, Nougat Lips, Laugh Lines, Smirk / Eyebrow Raised Pattern (Princess Leia) ",Smirk,Smirk,Light Nougat,,,,,1
,3626cpb1560,"Minifigure, Head Female Dark Tan Eyebrows, Red Lips, Open Mouth Smile, Eyelashes Pattern (Alice) ",Smile,,Light Nougat,,,1,1,
,3626cpb1563,"Minifigure, Head Dual Sided Female Gold Tiara, Black Eyebrows, Eyelashes, Red Lips, Lopsided Smile / Angry Pattern ",Smirk,Angry,Light Nougat,,,,1,
,3626cpb1623,"Minifigure, Head Dual Sided Female, Peach Lips, White Tribal Tattoos, Smile / Red Tribal Tattoos, Angry Pattern (SW Naare) ",Smile,Evil,Light Nougat,,,,1,
,3626cpb1626,"Minifigure, Head Dual Sided Female Reddish Brown Glasses, Bright Pink Lips, Open Smile / Smirk Pattern (Abby Yates) ",Happy,Smirk,Light Nougat,,,,1,
,3626cpb1627,"Minifigure, Head Dual Sided Female, Reddish Brown Eyebrows, Dark Tan Lips Neutral / Scared Pattern ",Smirk,Scared,Light Nougat,,,,1,
,3626cpb1628,"Minifigure, Head Dual Sided Female, Dark Tan Eyebrows, Smile / Silver Goggles Pattern (Jillian Holtzmann) ",Smirk,Smile,Light Nougat,,,1,1,
,3626cpb1644,"Minifigure, Head Female Dark Tan Eyebrows, Orange Lips and Tattoo Lines on Front and Back Pattern ",Smirk,,Light Nougat,,,,1,
,3626cpb1649,"Minifigure, Head Dual Sided Female Black Eyebrows, Red Glasses and Pink Lips, Fallen Glasses / Scared Pattern ",Smirk,Scared,Light Nougat,,,,1,
,3626cpb1650,"Minifigure, Head Dual Sided Female with Black Eyebrows, Purple Eye Shadow and Pink Lips, Neutral / Red Eyes Pattern ",Neutral,Evil,Light Nougat,,,,1,1
,3626cpb1657,"Minifigure, Head Dual Sided Female, Peach Lips, Brown Eyebrows, Beauty Mark, Neutral / Angry Pattern ",Neutral,Angry,Light Nougat,,,,1,
,3626cpb1689,"Minifigure, Head Dual Sided Female Black Eyebrows and Long Eyelashes, Peach Lips, Open Smile / Closed Mouth, Eyebrow Raised Pattern ",Smile,Annoyed,Light Nougat,,,,1,
,3626cpb1693,"Minifigure, Head Dual Sided Female Reddish Brown Glasses, Bright Pink Lips, Crooked Smile and Raised Eyebrow / Open Mouth Angry Pattern ",Smile,Angry,Light Nougat,,,,1,
,3626cpb1721,"Minifigure, Head Female Brown Eyebrows, Medium Nougat Lips, Beauty Mark on Left Side Pattern ",Happy,,Light Nougat,,,1,1,
,3626cpb1734,"Minifigure, Head Dual Sided Female Silver Eye Shadow, Dark Red Triangular Cheek Patches, Smile / Barred Teeth Angry Pattern (Magpie) ",Smile,Angry,Light Nougat,,,,1,
,3626cpb1763,"Minifigure, Head Dual Sided Female Balaclava, Large Lime Goggles, Medium Nougat Face, Smile / Sneer Pattern ",Smile,Smirk,Light Nougat,,,,1,
,3626cpb1780,"Minifigure, Head Dual Sided Female Black Eyebrows, Dark Orange Cheek Lines and Lips, Eyebrow Raised / Open Mouth Angry Pattern ",Neutral,Angry,Light Nougat,,,,1,1
,3626cpb1785,"Minifigure, Head Dual Sided Female Dark Red Glasses and Lips, Quizzical / Excited Pattern ",Happy,Sad,Light Nougat,,,,1,
,3626cpb1786,"Minifigure, Head Dual Sided Female Red Eyebrows, Green Eye Shadow, Worried / Pursed Lips Pattern ",Neutral,Neutral,Light Nougat,,,,1,
,3626cpb1790,"Minifigure, Head Female Dark Red Eyebrows, Medium Nougat Lips, Lopsided Smile Pattern ",Smirk,,Light Nougat,,,1,1,
,3626cpb1795,"Minifigure, Head Dual Sided Female PotC Reddish Brown Eyebrows, Dark Orange Freckles and Lips, Slight Smile / Bared Teeth Angry Pattern ",Smile,Angry,Light Nougat,,,1,1,
,3626cpb1831,"Minifigure, Head Female Wide Eyes, Red Lips, Crooked Grin with Teeth Pattern ",Happy,,Light Nougat,,,,1,
,3626cpb1847,"Minifigure, Head Dual Sided Female Balaclava with Medium Nougat Face, Beauty Mark, Winking Smile with Teeth / Angry Pattern ",Smirk,Angry,Light Nougat,,,,1,
,3626cpb1896,"Minifigure, Head Dual Sided Female Black Eyebrows, Eyelashes, Red Lips, Annoyed / Open Mouth Smile Pattern ",Frown,Smile,Light Nougat,,,,1,
,3626cpb1910,"Minifigure, Head Dual Sided Female Black Eyebrows, Light Orange Lips and Beauty Mark, Neutral / Angry Pattern (SW Rose) ",Neutral,Angry,Light Nougat,,,1,1,
,3626cpb1943,"Minifigure, Head Dual Sided Female Black Eyebrows, Green Lips, Smirk with Green Eye Shadow / Black Eye Mask with White Eye Holes Pattern ",Smirk,Angry,Light Nougat,,,,1,
,3626cpb1953,"Minifigure, Head Female Black Eyebrows, Peach Lips, Medium Nougat Bags Under Eyes Pattern ",Frown,,Light Nougat,,,,,1
,3626cpb1991,"Minifigure, Head Dual Sided Female Reddish Brown Eyebrows, Bright Pink Lips, Neutral / Screaming Pattern ",Neutral,Angry,Light Nougat,,,1,1,
,3626cpb2031,"Minifigure, Head Dual Sided Female Glasses with Gold Frames, Peach Lips, Smiling / Smiling with Teeth Pattern ",Smile,Happy,Light Nougat,,,,1,
,3626cpb2032,"Minifigure, Head Dual Sided Female Glasses with Dark Green Frames, Red Lips, Smiling / Smiling with Teeth Pattern ",Smile,Happy,Light Nougat,,,,1,
,3626cpb2059,"Minifigure, Head Dual Sided Female Dark Tan Eyebrows, Orange Lips, Frown Pattern / Orange Visor, Angry (SW Resistance A-wing Pilot) ",Frown,Angry,Light Nougat,,,,1,
,3626cpb2066,"Minifigure, Head Dual Sided Female Black Eyebrows, Peach Lips, Smirk/Frown Pattern ",Smile,Frown,Light Nougat,,,,1,
,3626cpb2091,"Minifigure, Head Dual Sided Female, Black Eyebrows, Orange Lips / Pilot Breathing Mask Pattern ",Annoyed,Neutral,Light Nougat,,,,1,
,3626cpb2099,"Minifigure, Head Dual Sided Female, Dark Blue Lips, Blue Tattoo, Neutral / Angry Pattern (SW Barriss Offee) ",Neutral,Angry,Light Nougat,,, ,1,
,3626cpb2100,"Minifigure, Head Dual Sided Female Dark Tan Eyebrows, Black Chin Strap, Disgusted / Angry Pattern ",Annoyed,Angry,Light Nougat,,,,1,
,3626cpb2103,"Minifigure, Head Dual Sided Female Dark Tan Eyebrows, Peach Lips, Smirk / Scared Pattern ",Smirk,Scared,Light Nougat,,,1,1,
,3626cpb2128,"Minifigure, Head Dual Sided Female Dark Orange Eyebrows, Peach Lips, Scared / Smirk Pattern ",Scared,Smirk,Light Nougat,,,1,1,
,3626cpb2140,"Minifigure, Head Dual Sided Female Black Eyebrows, Red Glasses, Peach Lips, Neutral / Surprised Expression Pattern ",Neutral,Surprised,Light Nougat,,,,1,
,3626cpb2174,"Minifigure, Head Dual Sided Female Black Eyebrows, Glasses Large, Skeptical / Smile With Teeth Pattern (Edna Mode) ",Annoyed,Happy,Light Nougat,,,,1,
,3626cpb2185,"Minifigure, Head Female Dark Tan Eyebrows, Large Black Round Glasses, Peach Lips Pattern ",Smile,,Light Nougat,,,,1,
,3626cpb2193,"Minifigure, Head Female Dark Brown Eyebrows, Peach Lips Pattern ",Neutral,,Light Nougat,,,1,1,
,3626cpb2201,"Minifigure, Head Dual Sided Female Pink Lips, Neutral with Dark Tan Eyebrows / Gold and Dark Pink Spectrespecs Pattern ",Neutral,Neutral,Light Nougat,,,,1,
,3626cpb2213,"Minifigure, Head Dual Sided Female Reddish Brown Eyebrows, Peach Eye Shadow, Magenta Lips, Smile with Closed Eyes/Scared Pattern ",Happy,Scared,Light Nougat,,,1,1,
,3626cpb2226,"Minifigure, Head Dual Sided Female Silver Tiara with Blue Stone, Dark Red Lips, Smile / Slight Frown Pattern ",Smile,Frown,Light Nougat,,,,1,
,3626cpb2227,"Minifigure, Head Dual Sided Female Reddish Brown Eyebrows, Medium Nougat Lips, Age Lines, Grin / Smile with Raised Eyebrow Pattern ",Smile,Happy,Light Nougat,,,,,1
,3626cpb2260,"Minifigure, Head Dual Sided Female Reddish Brown Eyebrows, Eyes with Pupils, Wrinkles, Pink Lips, Smile / Frown Pattern (Dolores Umbridge) ",Smile,Frown,Light Nougat,,,,,1
,3626cpb2273,"Minifigure, Head Dual Sided Female, Large Goggles with Orange Lenses, Smirk / Smile Pattern ",Smirk,Smile,Light Nougat,,,1,1,
,3626cpb2305,"Minifigure, Head Dual Sided Female, Black Eyebrows, Dark Pink Stripes on Cheeks, Left Eye Winking / Blowing Bubblegum Bubble Pattern ",Smirk,Neutral,Light Nougat,,,1,1,
,3626cpb2319,"Minifigure, Head Dual Sided Female, Reddish Brown Eyebrows, Dark Pink Lips, Smile / Worried with Right Eyebrow Raised Pattern ",Smile,Scared,Light Nougat,,,,1,
,3626cpb2340,"Minifigure, Head Dual Sided Female, Black Eyebrows, Pink Lips, Smile / Concerned Pattern (Wilma Flintstone) ",Smirk,Frown,Light Nougat,,,1,1,
,3626cpb2342,"Minifigure, Head Dual Sided Female, Black Eyebrows, Pink Lips, Smile / Cheerful Pattern (Betty Rubble) ",Smile,Sleepy,Light Nougat,,,1,1,
,3626cpb2348,"Minifigure, Head Dual Sided Female Dark Orange Eyebrows, Peach Lips, Smile / Sad Pattern (Claire Dearing) ",Happy,Sad,Light Nougat,,,,,
,3626cpb2357,"Minifigure, Head Dual Sided Female Dark Tan Eyebrows, Nougat Lips, Lines on Cheeks, Eyebrow Raised, Smile / Smirk Pattern (Leia) ",Smile,Smirk,Light Nougat,,,,1,1
,3626cpb2366,"Minifigure, Head Dual Sided Female, Medium Nougat Eyebrows, Medium Lavender Eye Shadow, Dark Pink Lips, Smile / Wink Pattern ",Annoyed,Smirk,Light Nougat,,,,1,
,3626cpb2367,"Minifigure, Head Dual Sided Female, Reddish Brown Eyebrows, Dark Orange Freckles, Dark Pink Lips, Smile / Wink Pattern ",Smile,Smile,Light Nougat,,, ,1,
,3626cpb2372,"Minifigure, Head Dual Sided Female, Black Eyebrows, Medium Nougat Lips and Jowel Lines, Wide Smile / Neutral Pattern ",Smile,Sad,Light Nougat,,,,,1
,3626cpb2384,"Minifigure, Head Dual Sided Female Medium Nougat Eyebrows, Bright Pink Lips, Open Smile / Closed Smile Pattern ",Smile,Smile,Light Nougat,,,1,,
,3626cpb2392,"Minifigure, Head Dual Sided Female Black Eyebrows, Peach Lips, Worried Smile / Surprised Pattern ",Sad,Surprised,Light Nougat,,,,1,1
,3626cpb2394,"Minifigure, Head Female Dark Brown Eyebrows, Dark Orange Wrinkle Between Eyes, Peach Lips Pattern ",Frown,,Light Nougat,,,1,1,
,3626cpb2403,"Minifigure, Head Dual Sided Female Medium Nougat Eyebrows and Freckles, Pink Lips, Neutral / Small Smirk Pattern ",Neutral,Smirk,Light Nougat,,,1,,
,3626cpb2404,"Minifigure, Head Dual Sided Female Reddish Brown Eyebrows, Peach Lips, Lopsided Grin / Wide Open Smile Pattern ",Smile,Happy,Light Nougat,,,1,1,
,3626cpb2478,"Minifigure, Head Female Dark Bluish Gray Eyebrows, Peach Lips, Dark Orange Age Lines, Smile Pattern ",Smile,,Light Nougat,,,,,1
,3626cpb2479,"Minifigure, Head Dual Sided Female, Black Eyebrows, Dark Red Lips, Smile with Parted Lips / Worried Pattern ",Neutral,Sad,Light Nougat,,,,,1
,3626cpb2480,"Minifigure, Head Dual Sided Female, Dark Tan Eyebrows, Peach Lips, Smile / Surprised with Round Mouth Pattern ",Smile,Surprised,Light Nougat,,,1,1,
,3626cpb2510,"Minifigure, Head Dual Sided Female, Black Eyebrows, Dark Red Lips, Smile with Raised Right Eyebrow / Scowl Pattern ",Smirk,Angry,Light Nougat,,,,1,
,3626cpb2512,"Minifigure, Head Dual Sided Female, Blue Domino Mask, Reddish Brown Eyebrows, Coral Lips, Lopsided Grin / Open Smile Pattern ",Smirk,Happy,Light Nougat,,,1,1,
,3626cpb2517,"Minifigure, Head Dual Sided Female, Dark Purple Mask, Magenta Lips, Smile / Scowl Showing Teeth Pattern ",Smile,Angry,Light Nougat,,,,1,
,3626cpb2625,"Minifigure, Head Dual Sided Female Reddish Brown Eyebrows, Pink Lips, Smile / Scared Pattern (Dolores Umbridge) ",Smile,Scared,Light Nougat,,,,,1
,3626cpb2629,"Minifigure, Head Dual Sided Female Pink Lips, Dark Tan Eyebrows, Neutral / Surprised Pattern ",Neutral,Surprised,Light Nougat,,,1,,
,3626cpb2654,"Minifigure, Head Dual Sided Female, Dark Azure Domino Mask, Medium Nougat Lips, Neutral / Smile Pattern ",Neutral,Smile,Light Nougat,,,1,1,
,3626cpb2657,"Minifigure, Head Dual Sided Female, Reddish Brown Eyebrows, Dark Orange Age Lines, Red Lips, Raised Right Eyebrow / Surprised Pattern ",Frown,Surprised,Light Nougat,,,,,1
,3626cpb2672,"Minifigure, Head Dual Sided Female, Reddish Brown Eyebrows, Medium Nougat Freckles, Peach Lips, Grin / Scared Pattern ",Smile,Scared,Light Nougat,,,1,1,
,3626cpb2674,"Minifigure, Head Dual Sided Female, Dark Bluish Gray Eyebrows, Peach Lips, Grin / Scared Pattern ",Smile,Scared,Light Nougat,,,,,1
,3626cpb2675,"Minifigure, Head Dual Sided Female, Black Eyebrows, Dark Tan Around Eyes, Medium Nougat Lips, Neutral / Grin Pattern ",Frown,Smirk,Light Nougat,,,,,1
,3626cpb2680,"Minifigure, Head Dual Sided Female, Dark Orange Eyebrows, Peach Lips, Grin / Lopsided Smile with Left Eyebrow Raised Pattern ",Smile,Happy,Light Nougat,,,1,1,
,3626cpb2681,"Minifigure, Head Dual Sided Female, Dark Orange Eyebrows, Peach Lips, Slight Grin / Smile Showing Teeth Pattern",Smile,Happy,Light Nougat,,,1,1,
,3626cpb2683,"Minifigure, Head Dual Sided Female, Dark Tan Eyebrows, Bright Pink Lips, Neutral / Smile Showing Teeth Pattern ",Neutral,Smile,Light Nougat,,,1,1,
,3626cpb2700,"Minifigure, Head Dual Sided Female, Black Eyebrows, Dark Red Lips, Smile, Scowl with Teeth Pattern ",Smile,Angry,Light Nougat,,,1,1,
,3626cpb2735,"Minifigure, Head Dual Sided Female, Dark Bluish Gray Eyebrows, Smile / Open Mouth Smile Pattern ",Smirk,Happy,Light Nougat,,,,,1
,3626cpb2736,"Minifigure, Head Dual Sided Female, Dark Bluish Gray Eyebrows, Red Lips, Metallic Silver Glasses, Open Smile / Frown Pattern ",Smile,Frown,Light Nougat,,,,,1
,3626cpb2739,"Minifigure, Head Dual Sided Female, Metallic Light Blue and Purple Eye Shadow and Lips, Open Smile / Singing Eyes Closed Open Mouth Pattern ",Happy,Happy,Light Nougat,,,,1,
,3626cpb2788,"Minifigure, Head Female Reddish Brown Thick Eyebrows, Medium Nougat Wrinkles, Peach Lips, Neutral Pattern ",Smile,,Light Nougat,,,, ,1
,3626cpb2789,"Minifigure, Head Dual Sided Female, Black Eyebrows, Pink Lips, Wink, Open Smile / Green Eyepiece, Determined Look Pattern ",Sad,Happy,Light Nougat,,,1,1,
,3626cpb2798,"Minifigure, Head Dual Sided Female, Dark Tan Eyebrows, Peach Lips, Smile / Lopsided Grin with Raised Eyebrow Pattern ",Happy,Smirk,Light Nougat,,,,1,
,3626cpb2802,"Minifigure, Head Dual Sided Female, Black Eyebrows, Dark Pink Lips, Surprised / Open Smile with Closed Eyes Pattern ",Surprised,Happy,Light Nougat,,,1,1,
,3626cpb2825,"Minifigure, Head Dual Sided Female, Large Black Domino Mask, Peach Lips, Lopsided Grin / Gritted Teeth Pattern ",Smirk,Angry,Light Nougat,,,1,1,
,3626cpb2830,"Minifigure, Head Dual Sided Female, Red Domino Mask with 4 Points, Peach Lips, Smile / Sneer Pattern ",Smile,Angry,Light Nougat,,,1,1,
,3626cpb2847,"Minifigure, Head Dual Sided Female, Black Eyebrows, Medium Nougat Eyeshadow, Dark Orange Lips, Smile / Scowl Pattern ",Smile,Annoyed,Light Nougat,,,,1,
,3626cpb1714,"Minifigure, Head Female Black Eyebrows, Eyelashes, Beauty Mark Under Left Eye, Dark Red Lips Pattern ",Smile,,Med. Nougat,,,,1,
,3626cpb1718,"Minifigure, Head Dual Sided Female Magenta Eye Mask, Dark Red Lips, Grin with Teeth / Neutral Pattern ",Smirk,Neutral,Med. Nougat,,,,1,
,3626cpb1784,"Minifigure, Head Dual Sided Female Black Eyebrows, Beauty Mark, Red Lips, Lopsided Smile / Fierce Pattern ",Frown,Smile,Med. Nougat,,,,1,
,3626cpb1940,"Minifigure, Head Female Black Eyebrows, White Tattoos on Forehead and Cheeks Pattern ",Neutral,,Med. Nougat,,,,1,
,3626cpb1982,"Minifigure, Head Female Balaclava with Medium Nougat Face, Beauty Mark, Crooked Smile Pattern ",Smirk,,Med. Nougat,,,,1,
,3626cpb1984,"Minifigure, Head Dual Sided Female, Black Eye Mask, Red Lips, Smile / Scowl Pattern ",Smile,Angry,Med. Nougat,,,,1,
,3626cpb2181,"Minifigure, Head Dual Sided Female Balaclava with Yellow Face / Red Eyes, Silver Plates Pattern ",Smirk,Angry,Med. Nougat,,,,1,
,3626cpb2214,"Minifigure, Head Dual Sided Female Reddish Brown Eyebrows, Neutral / Fierce with Goggles Pattern ",Neutral,Annoyed,Med. Nougat,,,,1,1
,3626cpb2216,"Minifigure, Head Female Black Eyebrows, White Locks Hanging on Both Sides, Magenta Lips Smirk Pattern ",Smirk,,Med. Nougat,,,,1,1
,3626cpb2232,"Minifigure, Head Dual Sided Female Black Eyebrows, Green Lantern Around Right Eye, Dark Red Lips, Neutral / Scowl with Green Eyes Pattern ",Frown,Evil,Med. Nougat,,,,1,
,3626cpb2362,"Minifigure, Head Dual Sided Female, Black Eyebrows, Reddish Brown Lips, Lopsided Grin / Right Eyebrow Raised Pattern ",Smirk,Annoyed,Med. Nougat,,,,1,
,3626cpb2422,"Minifigure, Head Dual Sided Female Glasses, Dark Brown Eyebrows, Dark Orange Lips Happy / Scared Pattern (Allison Miles) ",Happy,Scared,Med. Nougat,,,1,1,
,3626cpb1676,"Minifigure, Head Female Black Eyebrows, Eyelashes, Peach Lips Pattern (SW Kordi) ",Neutral,,Nougat,,,1,1,
,3626cpb1745,"Minifigure, Head Dual Sided Female Thin Black Eyebrows, Brown Eye Shadow, Red Lips, Beauty Mark, Smile / Scared Pattern ",Happy,Scared,Nougat,,,,1,
,3626cpb2195,"Minifigure, Head Female Black Eyebrows, Peach Lips, Small Smile Showing Teeth Pattern ",Smile,,Nougat,,,1,1,
,3626cpb2286,"Minifigure, Head Dual Sided Female, Black Eyebrows, Dark Orange Lips, Lines on Cheeks, Neutral / Angry Pattern ",Frown,Angry,Nougat,,,,1,1
,3626cpb2488,"Minifigure, Head Dual Sided Female Dark Red Lips, Black Eyebrows, Cheek Lines, Dark Bluish Gray Tattoo, Smile / Angry Pattern ",Smirk,Angry,Nougat,,,,1,
,3626cpb2624,"Minifigure, Head Dual Sided Female, Black Eyebrows, Reddish Brown Lips, Open Mouth Smile / Sad Pattern ",Smile,Sad,Nougat,,,1,1,
,3626cpb1218,"Minifigure, Head Dual Sided Female Thin Black Eyebrows, Cheek Lines, Red Lips / Bared Teeth with White Eyes Pattern (Storm) ",Smirk,Angry,Reddish Brown,,,,1,
,3626cpb1629,"Minifigure, Head Dual Sided Female, Black Eyebrows, Dark Tan Lips, Dimples, Neutral / Bared Teeth Pattern (Patty Tolan) ",Neutral,Angry,Reddish Brown,,,1,1,
,3626cpb1996,"Minifigure, Head Dual Sided Female, Black Eyebrows, Dark Brown Lips, Lopsided Smirk / Smile Pattern ",Smirk,Happy,Reddish Brown,,,1,1,
,3626cpb2096,"Minifigure, Head Dual Sided Female, Black Eyebrows, Dark Brown Lips, Lopsided Grin / Gritted Teeth Pattern ",Smirk,Angry,Reddish Brown,,,1,1,
,3626cpb2112,"Minifigure, Head Female Black Eyebrows, Dark Brown Lips, Neutral Expression Pattern ",Angry,,Reddish Brown,,,,1,
,3626cpb2490,"Minifigure, Head Dual Sided Female, Black Eyebrows, Lipstick, Closed Mouth / Lopsided Smile with White Teeth Pattern ",Smirk,Happy,Reddish Brown,,,1,1,
,3626cpb2518,"Minifigure, Head Dual Sided Female, Black Goggles with Yellow Lenses, Dark Brown Lips, Lopsided Grin / Scowl Showing Teeth Pattern ",Smile,Angry,Reddish Brown,,,1,1,
,3626cpb2593,"Minifigure, Head Dual Sided Female, Dark Brown Lips, Black Eyebrows, Neutral / Angry Pattern ",Neutral,Angry,Reddish Brown,,,1,1,
,3626cpb2837,"Minifigure, Head Dual Sided Female, Black Eyebrows, Dark Brown Cheek Lines and Lips, Open Smile / Neutral with Gold Glasses Pattern ",Smile,Neutral,Reddish Brown,,,,1,1
,3626apx2,"Minifigure, Head Female Black Hair Messy, Thick Red Lips Pattern - Solid Stud ",Neutral,,Yellow,,,1,1,
,3626bp40,"Minifigure, Head Female Black Hair Messy, Thick Red Lips Pattern ",Neutral,,Yellow,,,,1,
,3626bp65,"Minifigure, Head Female with Ice Planet Red Hair and Black Hoop Earrings Pattern ",Neutral,,Yellow,,,,1,
,3626bpa6,"Minifigure, Head Female Brown Hair down Sides, Red Lips Pattern ",Neutral,,Yellow,,,,1,
,3626bpb0006,"Minifigure, Head Female with HP Hermione Pattern ",Smile,,Yellow,,,1,1,
,3626bpb0021,"Minifigure, Head Female Black Pointed Eyelashes, Red Lips Pattern ",Neutral,,Yellow,,,,1,
,3626bpb0047,"Minifigure, Head Female Glasses Reading, Red Lips, Purple Eye Shadow, Headset Pattern ",Neutral,,Yellow,,,,1,1
,3626bpb0126,"Minifigure, Head Female Glasses with Orange Goggles, Dimples around Lips Pattern ",Smile,,Yellow,,,,1,
,3626bpb0183,"Minifigure, Head Female Black Eyebrows, Almond Eyes, Orange Lips Pattern ",Neutral,,Yellow,,,,1,
,3626bpb0227,"Minifigure, Head Female Blue Sunglasses, Headset, Long Hair and Red Lips Pattern (Radia) ",Neutral,,Yellow,,,,1,
,3626bpb0295,"Minifigure, Head Dual Sided Female Red Lips, Headset, Scared / Smile Pattern ",Scared,Smile,Yellow,,,,1,
,3626bpb0311,"Minifigure, Head Female Black Eyebrows and Lips, Green Eye Shadow Pattern ",Smirk,,Yellow,,,,1,
,3626bpb0324,"Minifigure, Head Female with Eyepatch and Large Red Lips Pattern ",Smirk,,Yellow,,,,1,
,3626bpb0365,"Minifigure, Head Female Black Sunglasses, Black Lips Pattern ",Happy,,Yellow,,,,1,
,3626bpb0366,"Minifigure, Head Dual Sided Female Red Lips, Crow's Feet and Beauty Mark, Smile / Annoyed Pattern ",Smile,Annoyed,Yellow,,,,1,1
,3626bpb0411,"Minifigure, Head Female Reddish Brown Eyebrows, Peach Lips Open Smile Pattern ",Smile,,Yellow,,,,1,
,3626bpb0430,"Minifigure, Head Female Black Eyebrows, Crooked Smile, Peach Lips Pattern ",Neutral,,Yellow,,,1,1,
,3626bpb0439,"Minifigure, Head Female Reddish Brown Eyebrows, Pink Lips, Open Mouth Pattern ",Smile,,Yellow,,,,1,
,3626bpb0502,"Minifigure, Head Female with Large Red Lips, Open Mouth Smile with Teeth, Black Eyebrows, Thin Eyelashes and White Pupils Pattern ",Happy,,Yellow,,,,1,
,3626bpb0540,"Minifigure, Head Female Black Eyebrows Raised, Nougat Lips, Lopsided Smile Pattern ",Smile,,Yellow,,,1,1,
,3626bpb0578,"Minifigure, Head Dual Sided Female Glasses with Black Frames, Red Lips, Beauty Mark, Laughing / Scared Pattern ",Happy,Scared,Yellow,,,,1,
,3626bpb0581,"Minifigure, Head Dual Sided Female Dark Pink Lips, Eyelashes, Purple Eye Shadow Conniving / Angry Pattern ",Smirk,Frown,Yellow,,,,1,
,3626bpb0592,"Minifigure, Head Dual Sided Female Red Lips / Red Veil over Mouth Pattern ",Neutral,Neutral,Yellow,,,,1,
,3626bpb0594,"Minifigure, Head Dual Sided Female Eyelashes and Red Lips, Smile / Annoyed Pattern ",Smile,Annoyed,Yellow,,,,1,
,3626bpb0605,"Minifigure, Head Female Black Eyebrows, Eyelashes, White Pupils, Red Lips and Smudge on Cheek Pattern ",Neutral,,Yellow,,,1,1,
,3626bpb0612,"Minifigure, Head Female Lime Headband, Black Eyebrows, Red Lips, Open Smile Pattern ",Happy,,Yellow,,,,1,
,3626bpb0613,"Minifigure, Head Female Black Eyebrows, Eyelashes with Thick Dark Azure Eye Shadow, Smile and Dark Orange Lips Pattern ",Smile,,Yellow,,,,1,
,3626bpb0616,"Minifigure, Head Female Black Eyelashes, White Pupils, Red Lips, Crooked Smile and Beauty Mark on Left Cheek Pattern ",Smirk,,Yellow,,,,1,
,3626bpb0629,"Minifigure, Head Female Black Eyebrows, Red Lips Smile Pattern ",Smile,,Yellow,,,,1,
,3626bpb0633,"Minifigure, Head Female Black Eyebrows, Peach Lips Open Smile Pattern ",Happy,,Yellow,,,,1,
,3626bpb0657,"Minifigure, Head Female Black Eyebrows, White Surgical Mask Pattern ",Neutral,,Yellow,,,,1,
,3626bpb0658,"Minifigure, Head Female Black Eyebrows and Beauty Mark, Red Lips Open Smile Pattern ",Happy,,Yellow,,,,1,
,3626bpb0674,"Minifigure, Head Female Black Arched Eyebrows, Eyelashes, Smirk with Silver Lips Pattern ",Smirk,,Yellow,,,,1,
,3626bpb0681,"Minifigure, Head Dual Sided Female Eyelashes and Red Lips, Determined / Angry Pattern ",Annoyed,Angry,Yellow,,,,1,
,3626bpb0686,"Minifigure, Head Female with Peach Lips, Open Mouth Smile, Black Eyebrows, Light Green Eye Shadow Pattern ",Happy,,Yellow,,,,1,
,3626bpb0688,"Minifigure, Head Dual Sided Female Open Smile / Swimming Goggles Pattern ",Smirk,Happy,Yellow,,,,1,
,3626bpb0694,"Minifigure, Head Female Reddish Brown Eyebrows, Red Lips, Open Mouth Smile with Teeth Pattern ",Happy,,Yellow,,,,1,
,3626bpb0697,"Minifigure, Head Dual Sided Female Black Eyebrows, Eyelashes, Open Mouth / Frown Pattern ",Happy,Frown,Yellow,,,,1,
,3626bpb0714,"Minifigure, Head Female with Dark Pink Lips, Eye Shadow and Lightning Bolt, Open Mouth Pattern ",Happy,,Yellow,,,,1,
,3626bpb0736,"Minifigure, Head Dual Sided Female Scar over Left Eye, Raised Eyebrow / Scowl Pattern (Ann Lee) ",Smirk,Frown,Yellow,,,,1,
,3626bpb0745,"Minifigure, Head Female with Large Red Lips, Open Mouth Smile with Teeth, Brown Eyebrows, Thin Eyelashes and White Pupils Pattern ",Happy,,Yellow,,,,1,
,3626bpb0746,"Minifigure, Head Female Black Eyebrows, Dimple, Peach Lips Open Smile Pattern ",Happy,,Yellow,,,,1,
,3626bpb0775,"Minifigure, Head Female Brown Eyebrows, Freckles, Eyelashes, Red Lips, Smile with Teeth Pattern ",Happy,,Yellow,,,,1,
,3626bpb0788,"Minifigure, Head Female Glasses with White Ski Goggles with Pink and Purple Glass, Strap and Red Lips Pattern ",Neutral,,Yellow,,,,1,
,3626bpb0789,"Minifigure, Head Female Black Eyebrows, Red Lips, Open Smile Pattern ",Happy,,Yellow,,,,1,
,3626bpb0797,"Minifigure, Head Female Medium Nougat Eyebrows, Pink Lips, White Flower Pattern ",Neutral,,Yellow,,,1,1,
,3626bpb0829,"Minifigure, Head Female with Dark Pink Lips, Black Eyelashes and Angry Eyebrows, Crease under Eye, White Teeth Pattern ",Angry,,Yellow,,,,1,
,3626bpb0832,"Minifigure, Head Female Black Eyebrows, Eyelashes, Red Lips, Open Mouth Pattern ",Scared,,Yellow,,,,1,
,3626bpb0850,"Minifigure, Head Female Brown Eyebrows, Brown Lips, Open Smile Pattern ",Smile,,Yellow,,,1,1,
,3626bpb0854,"Minifigure, Head Female Black Eyebrows, Thick Eyelashes, Red Lips, Open Mouth Pattern ",Neutral,,Yellow,,,,1,
,3626bpb0855,"Minifigure, Head Female with Dark Orange Eyebrows, Eyelashes, Dark Tan Lips, Smile Pattern ",Smile,,Yellow,,,1,1,
,3626bpb0912,"Minifigure, Head Female Glasses, Eyelashes and Red Lips Pattern ",Neutral,,Yellow,,,,1,
,3626bpb0914,"Minifigure, Head Female Black Eyebrows, Eyelashes, Red Lips, Open Smile and Pink Cheeks Pattern ",Happy,,Yellow,,,,1,
,3626bpb0918,"Minifigure, Head Female Black Sunglasses, Red Lips, Beauty Mark, Smirk Pattern ",Smirk,,Yellow,,,,1,
,3626bpb0923,"Minifigure, Head Female Black Eyelashes, Angry Eyebrows, Cheek Lines, White Pupils and White Teeth Pattern ",Angry,,Yellow,,,,,1
,3626bpx116,"Minifigure, Head Dual Sided Female Orange Hair Tendrils, Scared / Smile Pattern ",Scared,Smile,Yellow,,,1,1,
,3626bpx20,"Minifigure, Head Female with Hair Framed Face, Eyebrows and 1 Tooth in Mouth Pattern ",Happy,,Yellow,,,1,1,
,3626bpx60,"Minifigure, Head Female Black Hair, Large Eyes, Nose, Red Lips Pattern ",Neutral,,Yellow,,,1,1,
,3626bpx67,"Minifigure, Head Female Tiara, Brown Curly Hair, Red Lips Pattern ",Neutral,,Yellow,,,,1,
,3626cpb0366,"Minifigure, Head Dual Sided Female Red Lips, Crow's Feet and Beauty Mark, Smile / Annoyed Pattern ",Smile,Annoyed,Yellow,,,,1,1
,3626cpb0411,"Minifigure, Head Female Reddish Brown Eyebrows, Peach Lips Open Smile Pattern ",Smile,,Yellow,,,,1,
,3626cpb0502,"Minifigure, Head Female with Large Red Lips, Open Mouth Smile with Teeth, Black Eyebrows, Thin Eyelashes and White Pupils Pattern",Happy,,Yellow,,,,1,
,3626cpb0540,"Minifigure, Head Female Black Eyebrows Raised, Nougat Lips, Lopsided Smile Pattern ",Smile,,Yellow,,,1,1,
,3626cpb0578,"Minifigure, Head Dual Sided Female Glasses with Black Frames, Red Lips, Beauty Mark, Laughing / Scared Pattern ",Happy,Scared,Yellow,,,,1,
,3626cpb0581,"Minifigure, Head Dual Sided Female Dark Pink Lips, Eyelashes, Purple Eye Shadow Conniving / Angry Pattern ",Smirk,Frown,Yellow,,,,1,
,3626cpb0592,"Minifigure, Head Dual Sided Female Red Lips / Red Veil over Mouth Pattern ",Neutral,Neutral,Yellow,,,,1,
,3626cpb0594,"Minifigure, Head Dual Sided Female Eyelashes and Red Lips, Smile / Annoyed Pattern ",Smile,Annoyed,Yellow,,,,1,
,3626cpb0605,"Minifigure, Head Female Black Eyebrows, Eyelashes, White Pupils, Red Lips and Smudge on Cheek Pattern ",Neutral,,Yellow,,,1,1,
,3626cpb0612,"Minifigure, Head Female Lime Headband, Black Eyebrows, Red Lips, Open Smile Pattern ",Happy,,Yellow,,,,1,
,3626cpb0613,"Minifigure, Head Female Black Eyebrows, Eyelashes, Thick Dark Azure Eye Shadow, Smile and Dark Orange Lips Pattern ",Neutral,,Yellow,,,,1,
,3626cpb0629,"Minifigure, Head Female Black Eyebrows, Red Lips Smile Pattern ",Smile,,Yellow,,,,1,
,3626cpb0633,"Minifigure, Head Female Black Eyebrows, Peach Lips Open Smile Pattern ",Happy,,Yellow,,,,1,
,3626cpb0657,"Minifigure, Head Female Black Eyebrows, White Surgical Mask Pattern ",Neutral,,Yellow,,,,1,
,3626cpb0658,"Minifigure, Head Female Black Eyebrows and Beauty Mark, Red Lips Open Smile Pattern ",Happy,,Yellow,,,,1,
,3626cpb0681,"Minifigure, Head Dual Sided Female Eyelashes and Red Lips, Determined / Angry Pattern ",Annoyed,Angry,Yellow,,,,1,
,3626cpb0688,"Minifigure, Head Dual Sided Female Open Smile / Swimming Goggles Pattern ",Smirk,Happy,Yellow,,,,1,
,3626cpb0736,"Minifigure, Head Dual Sided Female Scar over Left Eye, Raised Eyebrow / Scowl Pattern (Ann Lee) ",Smirk,Frown,Yellow,,,,1,
,3626cpb0775,"Minifigure, Head Female Brown Eyebrows, Freckles, Eyelashes, Red Lips, Smile with Teeth Pattern ",Happy,,Yellow,,,,1,
,3626cpb0788,"Minifigure, Head Female Glasses with White Ski Goggles with Pink and Purple Glass, Strap and Red Lips Pattern ",Neutral,,Yellow,,,,1,
,3626cpb0797,"Minifigure, Head Female Medium Nougat Eyebrows, Pink Lips, White Flower Pattern ",Neutral,,Yellow,,,1,1,
,3626cpb0802,"Minifigure, Head Female Reddish Brown Eyebrows, Large Eyes, and Beauty Mark, Red Lips Pattern (SW Amidala) ",Neutral,,Yellow,,,,1,
,3626cpb0850,"Minifigure, Head Female Brown Eyebrows, Brown Lips, Open Smile Pattern ",Smile,,Yellow,,,1,1,
,3626cpb0878,"Minifigure, Head Dual Sided Female Black Eyebrows, Eyelashes, Blue Lips, Smile / Breathing Apparatus Pattern ",Smirk,Neutral,Yellow,,,,1,
,3626cpb0912,"Minifigure, Head Female Glasses, Eyelashes and Red Lips Pattern ",Neutral,,Yellow,,,,1,
,3626cpb0914,"Minifigure, Head Female Black Eyebrows, Eyelashes, Red Lips, Open Smile and Pink Cheeks Pattern ",Happy,,Yellow,,,,1,
,3626cpb0940,"Minifigure, Head Dual Sided Female Peach Lips, Black Eyebrows, Open Mouth Smile / Scared Pattern ",Smile,Scared,Yellow,,,,1,
,3626cpb0981,"Minifigure, Head Female Glasses, White Pupils, Eyelashes, Peach Lips, Smile Pattern ",Happy,,Yellow,,,,1,
,3626cpb0993,"Minifigure, Head Dual Sided Female Glasses with Blue Frame, Medium Nougat Eyebrows, Red Lips, Smirk / Open Smile Pattern ",Happy,Annoyed,Yellow,,,,1,
,3626cpb0994,"Minifigure, Head Female Dark Tan Eyebrows, Freckles, Eyeleashes, Peach Lips, Open Mouth Smile Pattern ",Happy,,Yellow,,,1,1,
,3626cpb0998,"Minifigure, Head Female Glasses Dark Pink, Gray Eyebrows, Crow's Feet Pattern ",Smile,,Yellow,,,,,1
,3626cpb1029,"Minifigure, Head Dual Sided Female Black Eyebrows, Freckles, Eyelashes, Pink Lips, Lopsided Smile / Determined Pattern (Wyldstyle) ",Smirk,Annoyed,Yellow,,,,1,
,3626cpb1043,"Minifigure, Head Female Black Eyebrows, Freckles, Eyelashes, Pink Lips, Lopsided Smile Pattern ",Smirk,,Yellow,,,1,1,
,3626cpb1059,"Minifigure, Head Female Glasses Dark Red, Gray Eyebrows, Crow's Feet, Side Open Mouth Pattern ",Scared,,Yellow,,,,,1
,3626cpb1061,"Minifigure, Head Dual Sided Female Black Eyebrows, Eyelashes, Red Lips, Lopsided Smile / Scared Open Mouth with Teeth Pattern ",Smirk,Scared,Yellow,,,,1,
,3626cpb1062,"Minifigure, Head Female Dark Brown Eyebrows, Dark Orange Freckles, Eyelashes, Dark Bluish Gray Scratches, Dark Orange Lips Pattern ",Smirk,,Yellow,,,,1,
,3626cpb1075,"Minifigure, Head Dual Sided Female Pink Headband, Sweat Beads, Red Lips, Mouth Closed / Clenched Teeth Pattern ",Neutral,Angry,Yellow,,,,1,
,3626cpb1129,"Minifigure, Head Female Glasses with Orange Goggles and Buff Lips Pattern ",Smile,,Yellow,,,1,1,
,3626cpb1181,"Minifigure, Head Dual Sided Female Glasses with Black Frames, Red Lips, Determined / Scared Pattern ",Neutral,Scared,Yellow,,,,1,
,3626cpb1183,"Minifigure, Head Female with Dark Brown Thin Eyebrows, Angry Mouth, Scar on Cheek Pattern ",Angry,,Yellow,,,1,1,
,3626cpb1189,"Minifigure, Head Dual Sided Female Dark Orange Eyebrows, Eyelashes, Bright Pink Lips, Smile / Eyes Closed, Kissing Pattern ",Happy,Neutral,Yellow,"Eyes closed, kissing",,,1,
,3626cpb1192,"Minifigure, Head Female Black Eyebrows, Eyelashes, White Pupils and Gold Lips Stern Pattern ",Annoyed,,Yellow,,,,1,
,3626cpb1208,"Minifigure, Head Female Black Eyebrows, Eyelashes, Dark Azure Lips, Smile Pattern ",Smile,,Yellow,,,,1,
,3626cpb1210,"Minifigure, Head Female Glasses with Silver Frames, Brown Eyebrows, Eyelashes, Pink Lips, Open Mouth Smile Pattern ",Happy,,Yellow,,,1,1,
,3626cpb1211,"Minifigure, Head Female Black Thin Eyebrows, Peach Lips Smile Pattern ",Smile,,Yellow,,,,1,
,3626cpb1230,"Minifigure, Head Female Glasses Star Shaped, Medium Lavender Lips, Open Lopsided Smile with Teeth Pattern ",Happy,,Yellow,,,,1,
,3626cpb1238,"Minifigure, Head Female Glasses Gray Frames and White Lenses, Eyelashes, Pale Brown Lips Pattern ",Neutral,,Yellow,,,,1,
,3626cpb1239,"Minifigure, Head Female Black Eyebrows, Eyelashes, Angry Open Mouth with Bared Teeth, Red Lips Pattern ",Angry,,Yellow,,,,1,
,3626cpb1245,"Minifigure, Head Female Brown Eyebrows, Freckles, Black Eyelashes, Pink Lips Pattern (Unicorn Girl) ",Smile,,Yellow,,,1,,
,3626cpb1275,"Minifigure, Head Female Black Arched Thin Eyebrows, Eyelashes, Dark Pink Lips, Evil Smile Pattern ",Smirk,,Yellow,,,1,1,
,3626cpb1277,"Minifigure, Head Dual Sided Female Black Eyebrows, Pink Lips, Eyelashes / Sunglasses with Purple Frames Pattern ",Smirk,Smile,Yellow,,,,1,
,3626cpb1284,"Minifigure, Head Dual Sided Female Digital Eye Glasses, Pink Lips, Smirk / Visor Open Pattern (Caila Phoenix) ",Smirk,Smirk,Yellow,,,,1,
,3626cpb1326,"Minifigure, Head Dual Sided Female Dark Red Eyebrows, Dark Tan Lips, Smile / Bright Light Orange Mask, White Eyes, Open Mouth Pattern ",Smirk,Angry,Yellow,,,,1,
,3626cpb1329,"Minifigure, Head Female Glasses with Orange Digital Sunglasses, Pink Lips, Lopsided Mouth with Teeth Pattern ",Angry,,Yellow,,,,1,
,3626cpb1334,"Minifigure, Head Dual Sided Female with Eyepatch, Smile / Angry Mouth with Teeth Pattern ",Smirk,Angry,Yellow,,,,1,
,3626cpb1336,"Minifigure, Head Dual Sided Female Black Eyebrows, Eyelashes, Brown Lips / Green and Gold Robot, Red Eyes and Eyebrows Pattern ",Smirk,Neutral,Yellow,Masked,,,1,
,3626cpb1350,"Minifigure, Head Dual Sided Female Red Lips, Crow's Feet and Beauty Mark, Smile / Annoyed with Short Frown Lines Pattern ",Smile,Annoyed,Yellow,,,,,1
,3626cpb1352,"Minifigure, Head Dual Sided Female Black Eyebrows, Freckles, Eyelashes, Peach Lips, Open Smile with Teeth / Sleeping Pattern ",Happy,Sleepy,Yellow,,,,1,
,3626cpb1358,"Minifigure, Head Dual Sided Female Black Eyebrows, Freckles, Eyelashes, Pink Lips, Open Mouth Smile / Angry Pattern (Wyldstyle) ",Smile,Frown,Yellow,,,,1,
,3626cpb1398,"Minifigure, Head Dual Sided Female Dark Tan Glasses, Laugh Lines, Dark Orange Lips, Neutral / Raised Eyebrows Amused Pattern ",Neutral,Smirk,Yellow,,,,,1
,3626cpb1410,"Minifigure, Head Female White Eye Shadow, Orange Lips and Black Tiger Stripes Pattern ",Smirk,,Yellow,,,,1,
,3626cpb1439,"Minifigure, Head Dual Sided Female Rosy Cheeks, Brown Eyebrows, Pink Lips, Open Mouth / Closed Mouth Smile Pattern (Caroler) ",Happy,Smile,Yellow,,,,1,
,3626cpb1490,"Minifigure, Head Female Dark Orange Eyebrows, Round Cheek Lines and Red Lips Pattern ",Neutral,,Yellow,,,,1,
,3626cpb1494,"Minifigure, Head Female Black Eye Mask, Beauty Mark, Red Lips with Smirk Pattern ",Smirk,,Yellow,,,,1,
,3626cpb1497,"Minifigure, Head Female Dark Brown Eyebrows Downturned, Open Smile with Pink Lips Pattern ",Happy,,Yellow,,,1,1,
,3626cpb1499,"Minifigure, Head Female Black Eyebrows, Dark Orange Lips and Red and White Face Paint Pattern ",Neutral,,Yellow,,,,1,
,3626cpb1503,"Minifigure, Head Dual Sided Female Dark Red Eyebrows, Pink Lips, Frown, Scratches / Eyebrow Raised, Chipped Toothed Smirk Pattern ",Smirk,Frown,Yellow,,,1,1,
,3626cpb1567,"Minifigure, Head Female Glasses Black, Brown Eyebrows, Open Mouth Smile with Peach Lips Pattern ",Smile,,Yellow,,,,1,
,3626cpb1568,"Minifigure, Head Female Glasses Dark Tan, Gray Eyebrows, Crow's Feet, Peach Lips Pattern ",Smile,,Yellow,,,,,1
,3626cpb1582,"Minifigure, Head Female Raised Dark Orange Eyebrows, White Pupils, Dark Orange Lips, Lopsided Open Smile Pattern ",Smile,,Yellow,,,1,1,
,3626cpb1588,"Minifigure, Head Female Black Eyebrow, Dark Azure Lips, Dark Azure and Silver Cyborg Eyepiece Pattern ",Frown,,Yellow,,,,1,
,3626cpb1592,"Minifigure, Head Dual Sided Female Silver Goggles with Medium Azure Lenses / Dark Tan Eyebrows and Wink Pattern ",Smile,Smirk,Yellow,,,1,1,
,3626cpb1593,"Minifigure, Head Dual Sided Female, Dark Tan Lips, White Sweat Beads, Teeth Clenched / Lopsided Open Smile Pattern ",Angry,Smirk,Yellow,,,1,1,
,3626cpb1703,"Minifigure, Head Dual Sided Female Black Eyebrows, Eyelashes, Lopsided Grin with Pink Lips / Mechanical Goggles and Headset Pattern ",Smile,Neutral,Yellow,Headset,,,1,
,3626cpb1746,"Minifigure, Head Female Black Eyebrows, Left Raised, Eyelashes, Peach Lips, Smirk Pattern ",Smirk,,Yellow,,,1,1,
,3626cpb1759,"Minifigure, Head Dual Sided Female Black Eyebrows, Eyelashes, Dark Orange Lips / Blue Rimmed Eyes, Gold Pupils, Open Mouth Angry Pattern ",Smirk,Angry,Yellow,,,,1,
,3626cpb1761,"Minifigure, Head Dual Sided Female, Thin Black Eyebrows, Dark Orange Lips, Slight Smile / Scared Pattern ",Smile,Scared,Yellow,,,1,1,
,3626cpb1766,"Minifigure, Head Female Glasses Light Blue with Black Frame, Peach Lips, Closed Mouth Smile Pattern ",Smile,,Yellow,,,,1,
,3626cpb1778,"Minifigure, Head Female Black and Silver Sunglasses, Black Eyebrows, Peach Lips Pattern ",Smirk,,Yellow,,,,1,
,3626cpb1808,"Minifigure, Head Female Black Eye Mask, Black Eyebrows with One Eyebrow Raised, Red Lips with Smirk Pattern ",Frown,,Yellow,,,1,1,
,3626cpb1814,"Minifigure, Head Female Reddish Brown Eyebrows, Bright Pink Lips Pattern ",Smile,,Yellow,,,,1,
,3626cpb1816,"Minifigure, Head Female with Dark Azure Headband, White Sweat Drops, Open Smile with Magenta Lips Pattern ",Happy,,Yellow,,,,1,
,3626cpb1829,"Minifigure, Head Dual Sided Female with Black Eyebrows, Medium Nougat Lips and Dimples, Neutral / Open Mouth Smile Pattern ",Neutral,Happy,Yellow,,,1,1,
,3626cpb1830,"Minifigure, Head Female Medium Nougat Eyebrows, Cheek Lines and Lips Pattern ",Neutral,,Yellow,,,,,1
,3626cpb1842,"Minifigure, Head Dual Sided Female Black Eyebrows, Eyelashes, Peach Lips, Lopsided Smile / Scared Open Mouth with Teeth Pattern ",Smirk,Scared,Yellow,,,,1,
,3626cpb1868,"Minifigure, Head Female Black Eyebrows, Beauty Mark, Dark Tan Lips and Crooked Smirk Pattern (Nya) ",Smirk,,Yellow,,,,1,
,3626cpb1875,"Minifigure, Head Female Reddish Brown Eyebrows, Black Eyelashes, Medium Nougat and Orange Lips, Open Mouth Smile Pattern ",Happy,,Yellow,,,1,1,
,3626cpb1877,"Minifigure, Head Female Black Thin Raised Eyebrows, Red Lips, and Open Mouth Clenched Teeth Pattern ",Scared,,Yellow,,,,1,
,3626cpb1880,"Minifigure, Head Female Black Thin Eyebrows, Large Scar with Stitches, Medium Nougat Lips, Open Slight Smile Pattern ",Smile,,Yellow,,,,1,
,3626cpb1885,"Minifigure, Head Female Glasses Round with Bright Light Blue Lenses and Black Frames, Orange Lips with Slight Crooked Smile Pattern ",Smirk,,Yellow,,,1,1,
,3626cpb1887,"Minifigure, Head Female Black Small Eyebrows, Eyelashes, Bright Pink Round Cheek Spots, Dark Pink Lips and Open Mouth Smile Pattern ",Happy,,Yellow,,,1,,
,3626cpb1888,"Minifigure, Head Dual Sided Female Black Eyebrows, Beauty Mark, Dark Tan Lips, Crooked Smile / Scowl Pattern (Nya) ",Smirk,Frown,Yellow,,,,1,
,3626cpb1901,"Minifigure, Head Dual Sided Female Reddish Brown Eyebrows, Medium Nougat and Orange Lips, Crooked Smile / Winking Pattern ",Smile,Smirk,Yellow,,,,1,
,3626cpb1905,"Minifigure, Head Dual Sided Female Black Eyebrows, Beauty Mark, Dark Tan Lips, Open Mouth Smile / Scowl Pattern (Nya) ",Smile,Frown,Yellow,,,,1,
,3626cpb1951,"Minifigure, Head Female Dark Orange Eyebrows, Black Eyelashes, Red Lips, Open Mouth Laugh Pattern ",Happy,,Yellow,,,,1,
,3626cpb2001,"Minifigure, Head Female Wide Eyes, Dark Orange Lips, Wide Crooked Grin with Teeth Pattern ",Happy,,Yellow,,,,1,
,3626cpb2007,"Minifigure, Head Female Black Eyebrows and Eyes with Three Eyelashes, Scared with Gritted Teeth Pattern ",Scared,,Yellow,,,1,1,
,3626cpb2049,"Minifigure, Head Female White Painted Face, Red Eye Makeup, Cheek Circles, and Lips Pattern ",Neutral,,Yellow,,,,1,
,3626cpb2073,"Minifigure, Head Dual Sided Female, Brown Eyebrows, Black Beauty Mark, Smile / Screaming Pattern ",Smile,Angry,Yellow,,,1,1,
,3626cpb2083,"Minifigure, Head Dual Sided Female, Reddish Brown Eyebrows, Dark Tan Lips, Smile / Worried Pattern ",Smile,Annoyed,Yellow,,,1,1,
,3626cpb2086,"Minifigure, Head Dual Sided Female Dark Orange Eyebrows, Freckles, Pink Lips, Smile / Pursed Lips Pattern ",Smile,Sad,Yellow,,,1,,
,3626cpb2139,"Minifigure, Head Female Glasses with Light Blue Ski Goggles, Orange Lips and Smile Pattern ",Smile,,Yellow,,,1,1,
,3626cpb2145,"Minifigure, Head Dual Sided Female Reddish Brown Eyebrows, Medium Nougat Freckles and Lips, Small Smirk / Left Eye Squinted Pattern ",Smirk,Smirk,Yellow,,,1,1,
,3626cpb2147,"Minifigure, Head Dual Sided Female Black Eyebrows, Peach Lips, Smirk / Smile with Dark Bluish Gray Mud Splotches Pattern ",Smirk,Smile,Yellow,,,1,1,
,3626cpb2150,"Minifigure, Head Dual Sided Female Dark Tan Eyebrows, Medium Nougat Crow's Feet, Peach Lips, Smile / Dark Turquoise Sunglasses Pattern ",Happy,Neutral,Yellow,,,,1,
,3626cpb2234,"Minifigure, Head Dual Sided Female Red Hair with Open Mouth with Teeth, Grimace / Frown with Peach Lips Pattern (Harumi) ",Angry,Frown,Yellow,,,1,1,
,3626cpb2249,"Minifigure, Head Dual Sided Female Black Eyebrows, Beauty Mark, Dark Tan Lips, Crooked Smile / Open Mouth Smile Pattern ",Smirk,Happy,Yellow,,,,1,
,3626cpb2263,"Minifigure, Head Dual Sided Female Black Eyebrows, Freckles, Eyelashes, Pink Lips, Open Mouth Smile with Wide Top / Angry Pattern (Lucy) ",Happy,Angry,Yellow,,,,1,
,3626cpb2271,"Minifigure, Head Dual Sided Female Black Eyebrows, Freckles, Eyelashes, Pink Lips, Smile / Angry Pattern (Lucy Wyldstyle) ",Smirk,Frown,Yellow,,,,1,
,3626cpb2294,"Minifigure, Head Female Black Eyebrows, Headset, Red Lips with Open Mouth, Crooked Smile / Scowl Pattern ",Smirk,,Yellow,,,,1,
,3626cpb2309,"Minifigure, Head Dual Sided Female, Black Eyebrows, Dark Pink Lips, Smile Showing Teeth, Eyes Open / Eyes Closed Pattern ",Happy,Happy,Yellow,,,1,1,
,3626cpb2311,"Minifigure, Head Dual Sided Female, Reddish Brown Eyebrows, Freckles, Red Lips, Medium Smile / Large Smile Pattern ",Smile,Happy,Yellow,,,,1,
,3626cpb2313,"Minifigure, Head Dual Sided Female, Black Eyebrows, Freckles, Dark Pink Lips, Smile / Singing with Eyes Closed Pattern ",Smile,Happy,Yellow,,,1,1,
,3626cpb2314,"Minifigure, Head Dual Sided Female, Black Eyebrows, Bright Pink Blush, Red Lips, Smiling / Winking Right Eye Pattern ",Happy,Smirk,Yellow,,,,1,
,3626cpb2318,"Minifigure, Head Dual Sided Female, Reddish Brown Eyebrows, Magenta Cat Whiskers, Coral Lips, Smiling / Singing with Closed Eyes Pattern ",Smirk,Happy,Yellow,,,,1,
,3626cpb2333,"Minifigure, Head Dual Sided Female Rope Headband, Red Lips, Crosshatch, Crooked Grimace / Crooked Smirk Pattern ",Angry,Smirk,Yellow,,,,1,
,3626cpb2377,"Minifigure, Head Dual Sided Female Green Glasses, Smile / Closed Mouth Pattern ",Smile,Neutral,Yellow,,,,1,
,3626cpb2379,"Minifigure, Head Dual Sided Female Black Eyebrows, Eyelashes, Medium Nougat Lips, Smile, Teeth, Open Eyes / Closed Eyes Pattern ",Happy,Happy,Yellow,Eyes closed,,,1,
,3626cpb2381,"Minifigure, Head Female Black Eyebrows, Eyelashes, Peach Lips, Smile, Teeth Pattern ",Happy,,Yellow,,,1,1,
,3626cpb2387,"Minifigure, Head Dual Sided Female Light Blue Goggles, Orange Lips, Smile / Covered with Dirt, Goggles Outline Pattern ",Smirk,Sad,Yellow,,,,1,
,3626cpb2425,"Minifigure, Head Dual Sided Female, Red Whiskers, Sharp Teeth, Frown / Crooked Smile Pattern ",Smirk,Angry,Yellow,,,1,1,
,3626cpb2427,"Minifigure, Head Dual Sided Female Black Eyebrows, Freckles, Eyelashes, Pink Lips, Open Mouth Smile / Cheerful Pattern (Lucy) ",Happy,Happy,Yellow,,,,1,
,3626cpb2440,"Minifigure, Head Dual Sided Female, Pink Lips Big Smile with Teeth / Dirt Stains, Angry Pattern ",Happy,Annoyed,Yellow,,,1,1,
,3626cpb2455,"Minifigure, Head Dual Sided Female, Freckles, Pink Lips, Raised Right Eyebrow, Grumpy / Smile Pattern ",Frown,Smile,Yellow,,,1,1,
,3626cpb2464,"Minifigure, Head Dual Sided Female, Black Eyebrows, Dark Green Glasses, Medium Nougat Lips, Closed Smile / Open Smile Pattern ",Smile,Happy,Yellow,,,1,1,
,3626cpb2467,"Minifigure, Head Dual Sided Female, Black Eyebrows, Medium Nougat Lips, Smile / Grossed Out Pattern ",Happy,Annoyed,Yellow,,,1,1,
,3626cpb2469,"Minifigure, Head Female Lavender Eyebrows, Metallic Light Blue Eye Shadow, Magenta Glasses, Metallic Pink Lips, Beauty Mark Pattern ",Smile,,Yellow,,,,,1
,3626cpb2471,"Minifigure, Head Dual Sided Female Black Eyebrows, Medium Nougat Lips, Smirk with Raised Right Eyebrow / Licking Lips Pattern ",Smirk,Smirk,Yellow,,,,1,
,3626cpb2474,"Minifigure, Head Dual Sided Female, Medium Nougat Lips, Crooked Smile / Dark Pink, Dark Purple, and Dark Azure Sunglasses Pattern ",Smirk,Smile,Yellow,,,,1,
,3626cpb2475,"Minifigure, Head Dual Sided Female, Black Eyebrows, Medium Nougat Lips, Neutral / Shouting Pattern ",Neutral,Angry,Yellow,,,1,1,
,3626cpb2484,"Minifigure, Head Dual Sided Female Black Eyebrows, Medium Nougat Freckles, Coral Lips, Open Mouth Smile / Scared Pattern ",Smirk,Scared,Yellow,,,1,1,
,3626cpb2514,"Minifigure, Head Dual Sided Female, Black Eyebrows, Dark Pink Lips, Smirk with Raised Left Eyebrow / Fierce Scowl Pattern ",Annoyed,Angry,Yellow,,,,1,
,3626cpb2533,"Minifigure, Head Dual Sided Female Black Eyebrows, Peach Lips and Closed Mouth Smirk / Black Mask Pattern ",Smile,Smile,Yellow,,,,1,
,3626cpb2537,"Minifigure, Head Female Black Eyebrows, Eyelashes, Peach Lips, Scared Open Mouth with Teeth Pattern ",Scared,,Yellow,,,1,1,
,3626cpb2566,"Minifigure, Head Dual Sided Female, Silver Glasses, Large Smile with Teeth / Scared Pattern ",Angry,Scared,Yellow,,, ,1,
,3626cpb2568,"Minifigure, Head Dual Sided Female Black Eyebrows, Medium Nougat Freckles, Dark Pink Lips, Open Mouth Smile / Disgusted Pattern ",Happy,Annoyed,Yellow,,,1,1,
,3626cpb2572,"Minifigure, Head Dual Sided Female Black Eyebrows, Beauty Mark, Smile / HUD with Black Screen, Medium Azure Highlights Pattern ",Smirk,Smile,Yellow,,,,,
,3626cpb2582,"Minifigure, Head Dual Sided Female Black Eyebrows, Pink Lips, Smile with Teeth and Tongue / Scared Pattern ",Happy,Scared,Yellow,,,1,1,
,3626cpb2583,"Minifigure, Head Female Reddish Brown Eyebrows, Peach Lips, Lopsided Smile Pattern - Hollow Stud (BAM) ",Sad,,Yellow,,,1,1,
,3626cpb2588,"Minifigure, Head Dual Sided Female, Dark Brown Eyebrows, Glasses, Beauty Mark, Scared / Crooked Smile Pattern ",Scared,Smirk,Yellow,,,,,1
,3626cpb2589,"Minifigure, Head Dual Sided Female, Reddish Brown Eyebrows, Glasses, Nougat Lips, Braces, Open Smile / Scared Pattern ",Happy,Scared,Yellow,,,1,1,
,3626cpb2592,"Minifigure, Head Dual Sided Female, Freckles, Pink Lips, Raised Right Eyebrow, Smile / Angry Pattern ",Smirk,Angry,Yellow,,,1,1,
,3626cpb2598,"Minifigure, Head Female Black Eyebrows with Gap in Right Eyebrow, Lopsided Smile with Coral Lips Pattern ",Smile,,Yellow,,,,1,
,3626cpb2600,"Minifigure, Head Female Black Raised Eyebrows, Lopsided Smile with Peach Lips Pattern ",Smile,,Yellow,,,1,1,
,3626cpb2604,"Minifigure, Head Dual Sided Female, Black Eyebrows, Bright Green Lips, Large Smile / Eating Pattern ",Happy,Neutral,Yellow,,,1,1,
,3626cpb2605,"Minifigure, Head Dual Sided Female, Black Eyebrows and Beauty Mark on Right Cheek, Red Lips and Chipped Tooth, Smile / Sneer Pattern ",Smile,Smirk,Yellow,,,1,1,
,3626cpb2606,"Minifigure, Head Dual Sided Female, Black Eyebrows, Peach Lips, Smile Showing Teeth / Safety Goggles Pattern ",Happy,Smirk,Yellow,,,1,1,
,3626cpb2607,"Minifigure, Head Dual Sided Female, Black Eyebrows, Red Lips, Large Smile Showing Teeth / Small Lopsided Grin Pattern ",Happy,Annoyed,Yellow,,,,1,
,3626cpb2609,"Minifigure, Head Dual Sided Female, Black Eyebrows, Peach Lips, Smile Showing Teeth / Open Mouth with Sweat Drop Pattern ",Happy,Annoyed,Yellow,,,1,1,
,3626cpb2615,"Minifigure, Head Dual Sided Female, Black Eyebrows, Bright Pink Lips, Lopsided Grin / Sneer Pattern ",Smile,Annoyed,Yellow,,,1,1,
,3626cpb2618,"Minifigure, Head Female Black Eyebrows, Medium Nougat Lips, Dark Bluish Gray Band with Orange Stripes, Smile Pattern ",Smile,,Yellow,,,1,1,
,3626cpb2634,"Minifigure, Head Dual Sided Female Pink Lips and Beauty Mark, Black Eyebrows, Open Mouth with Teeth, Smile / Closed Eyes Pattern ",Happy,Sleepy,Yellow,,,1,1,
,3626cpb2635,"Minifigure, Head Dual Sided Female Lavender Lips, Black Eyebrows, Freckles, Open Mouth with Teeth, Smile / Angry with Glasses Pattern ",Smile,Angry,Yellow,,,1,1,
,3626cpb2638,"Minifigure, Head Female Black Eyebrows, White Whiskers, Dark Pink Lips, Gap in Teeth Pattern ",Smile,,Yellow,,,1,1,
,3626cpb2662,"Minifigure, Head Dual Sided Female Black Eyebrows, Freckles, Eyelashes, Peach Lips, Smile / Open Mouth Smile with Teeth Pattern ",Smirk,Happy,Yellow,,,,1,
,3626cpb2664,"Minifigure, Head Female Black Eyebrows Raised, Nougat Lips, Lopsided Smile Pattern ",Neutral,,Yellow,,,1,1,
,3626cpb2666,"Minifigure, Head Female Black Eye Mask and Eyebrows, Scar and Black Lips Grimace Pattern ",Frown,,Yellow,,,,1,
,3626cpb2695,"Minifigure, Head Dual Sided Female, Dark Red Eyebrows, Green Glasses, Peach Lips, Freckles, Lopsided Grin / Covered with Cocoa Pattern ",Smile,Annoyed,Yellow,,,1,1,
,3626cpb2696,"Minifigure, Head Female Black Eyebrows, Peach Lips, Smile with Open Mouth and Teeth, Hearing Aid Pattern ",Smile,,Yellow,,,1,1,
,3626cpb2713,"Minifigure, Head Dual Sided Female, Reddish Brown Eyebrows, Nougat Cheeks, Dark Pink Lips, Smile / Open Mouth and Winking Pattern",Smile,Smirk,Yellow,,,,1,
,3626cpb2725,"Minifigure, Head Female Dark Orange Eyebrows, Glasses Round with White Lenses and Dark Red Frames, Beauty Mark, Red Lips, Smile Pattern ",Smile,,Yellow,,,,1,
,3626cpb2738,"Minifigure, Head Dual Sided Female, Black Eyebrows, Peach Lips, Open Smile / Sunglasses with Dark Purple and Dark Pink Stripes Pattern ",Happy,Happy,Yellow,,,,1,
,3626cpb2761,"Minifigure, Head Dual Sided Female, Reddish Brown Eyebrows, Trans-Orange Glasses, Peach Lips, Scowl / Smile with Freckles Pattern ",Annoyed,Smile,Yellow,,,1,1,
,3626cpb2777,"Minifigure, Head Female Dark Pink Eyebrows and Lips, Medium Azure Eye Shadow and Sprinkles Pattern ",Happy,,Yellow,,,1,1,
,3626cpb2780,"Minifigure, Head Female Dark Pink Eyebrows, Freckles and Lips, White Eye Shadow, Smile Pattern ",Happy,,Yellow,,,1,1,
,3626cpb2794,"Minifigure, Head Dual Sided Female, Brown Eyebrows, Red Lips Open Mouth / Peach Lips, Smile, Makeup and Face Paint Pattern",Neutral,Smile,Yellow,,,,1,
,3626cpb2817,"Minifigure, Head Female Black Eyebrows, Coral Eyeshadow, Smirk with Dark Turquoise Lips Pattern ",Smirk,,Yellow,,,,1,
,3626cpb2818,"Minifigure, Head Female Magenta Eyebrows, Metallic Blue and Medium Lavender Eyeshadow, Spots, Magenta Lips, Singing Open Mouth Pattern ",Happy,,Yellow,,,,1,
,3626cpb2822,"Minifigure, Head Female Magenta Eyebrows, Hearts, and Lips, Light Aqua Eyeshadow, Right Winking Pattern ",Smirk,,Yellow,,,1,1,