image,item_number,description,culture_represented,set_id,set_description,category,gender,year,inspiration,link
,adv001,Achu,South American,5986-1,Amazon Ancient Ruins,Adventurers: Jungle,male,1999,NA,https://www.bricklink.com/v2/catalog/catalogitem.page?S=5986-1#T=S&O={%22iconly%22:0}
,adv008,Gabarros,South American,5986-1,Amazon Ancient Ruins,Adventurers: Jungle,male,1999,NA,https://www.bricklink.com/v2/catalog/catalogitem.page?M=adv008#T=S&O={%22iconly%22:0}
,hol139,"Daughter, Chinese New Year's Eve Dinner",Chinese,80101-1,Chinese New Year's Eve Dinner,Holiday & Event: Chinese New Year,female,2019,NA,https://www.bricklink.com/v2/catalog/catalogitem.page?M=hol139#T=S&O={%22iconly%22:0}
,hol142,"Father, Chinese New Year's Eve Dinner",Chinese,80101-1,Chinese New Year's Eve Dinner,Holiday & Event: Chinese New Year,male,2019,NA,https://www.bricklink.com/v2/catalog/catalogitem.page?M=hol142#T=S&O={%22iconly%22:0}
,hol140,"Grandfather, Chinese New Year's Eve Dinner",Chinese,80101-1,Chinese New Year's Eve Dinner,Holiday & Event: Chinese New Year,male,2019,NA,https://www.bricklink.com/v2/catalog/catalogitem.page?M=hol140#T=S&O={%22iconly%22:0}
,hol141,"Grandmother, Chinese New Year's Eve Dinner",Chinese,80101-1,Chinese New Year's Eve Dinner,Holiday & Event: Chinese New Year,female,2019,NA,https://www.bricklink.com/v2/catalog/catalogitem.page?M=hol141#T=S&O={%22iconly%22:0}
,hol138,"Mother, Chinese New Year's Eve Dinner",Chinese,80101-1,Chinese New Year's Eve Dinner,Holiday & Event: Chinese New Year,female,2019,NA,https://www.bricklink.com/v2/catalog/catalogitem.page?M=hol138#T=S&O={%22iconly%22:0}
,hol143,"Son, Chinese New Year's Eve Dinner",Chinese,80101-1,Chinese New Year's Eve Dinner,Holiday & Event: Chinese New Year,male,2019,NA,https://www.bricklink.com/v2/catalog/catalogitem.page?M=hol143#T=S&O={%22iconly%22:0}
,adv023,Señor Palomar (Senor Palomar),South American,5986-1,Amazon Ancient Ruins,Adventurers: Jungle,male,1999,NA,https://www.bricklink.com/v2/catalog/catalogitem.page?M=adv023#T=S&O={%22iconly%22:0}
,adv027,Babloo,South Asian,7414-1,Elephant Caravan,Adventurers: Orient Expedition,male,2003,NA,https://www.bricklink.com/v2/catalog/catalogitem.page?M=adv027#T=S&O={%22iconly%22:0}
,adv046,Dragon Fortress Guard - Conical Helmet,Chinese,"7419-1, 7416-1","Dragon Fortress, Emperor's Ship",Adventurers: Orient Expedition,male,2003,NA,https://www.bricklink.com/v2/catalog/catalogitem.page?M=adv046#T=S&O={%22iconly%22:0}
,hol189,"Child Girl, Black Hair, Red Scarf, Dark Pink Puffy Jacket, White Shirt, Medium Blue Short Legs",Chinese,80105-1,Chinese New Year Temple Fair,Holiday & Event: Chinese New Year,female,2020,NA,https://www.bricklink.com/v2/catalog/catalogitem.page?M=hol189#T=S&O={%22iconly%22:0}
,hol183,"Food Vendor, Red Cap and Apron, Bright Light Orange Chinese Logogram '烧烤' (Barbecue)",Chinese,80105-1,Chinese New Year Temple Fair,Holiday & Event: Chinese New Year,male,2020,NA,https://www.bricklink.com/v2/catalog/catalogitem.page?M=hol183#T=S&O={%22iconly%22:0}
,hol187,"Man, Dark Red Jacket with Bright Light Blue Shirt, Dark Tan Legs, Red Scarf, Black Smooth Hair, Glasses",Chinese,80105-1,Chinese New Year Temple Fair,Holiday & Event: Chinese New Year,male,2020,NA,https://www.bricklink.com/v2/catalog/catalogitem.page?M=hol187#T=S&O={%22iconly%22:0}
,hol192,"Porcelain Vendor, Female, Light Bluish Gray Hair, Glasses, Sand Blue Tunic, Medium Nougat Sash, Tan Legs",Chinese,80105-1,Chinese New Year Temple Fair,Holiday & Event: Chinese New Year,female,2020,NA,https://www.bricklink.com/v2/catalog/catalogitem.page?M=hol192#T=S&O={%22iconly%22:0}
,hol195,"Shadow Puppeteer, Light Bluish Gray Hair, Glasses, Blue Changshan with Yellow Hem and Sash, Silver Circles Pattern",Chinese,80105-1,Chinese New Year Temple Fair,Holiday & Event: Chinese New Year,male,2020,NA,https://www.bricklink.com/v2/catalog/catalogitem.page?M=hol195#T=S&O={%22iconly%22:0}
,hol186,"Toy Vendor, Black Hair, Red Changshan with Bright Light Orange Wide Hem, Gold Circles Pattern",Chinese,80105-1,Chinese New Year Temple Fair,Holiday & Event: Chinese New Year,male,2020,NA,https://www.bricklink.com/v2/catalog/catalogitem.page?M=hol186#T=S&O={%22iconly%22:0}
,adv047,"Dragon Fortress Guard - Conical Helmet, Quiver",Chinese,7416-1,Emperor's Ship,Adventurers: Orient Expedition,male,2003,NA,https://www.bricklink.com/v2/catalog/catalogitem.page?M=adv047#T=S&O={%22iconly%22:0}
,adv048,Emperor Chang Wu with Cape,Chinese,7419-1,Dragon Fortress,Adventurers: Orient Expedition,male,2003,NA,https://www.bricklink.com/v2/catalog/catalogitem.page?M=adv048#T=S&O={%22iconly%22:0}
,adv050,Jing Lee the Wanderer,Chinese,"7419-1, 3382-1","Dragon Fortress, Jing Lee the Wanderer, Chupa Chups Promotional polybag",Adventurers: Orient Expedition,female,2003,NA,https://www.bricklink.com/v2/catalog/catalogitem.page?M=adv050#T=S&O={%22iconly%22:0}
,adv030,Maharaja Lallu,South Asian,7418-1,Scorpion Palace,Adventurers: Orient Expedition,male,2003,NA,https://www.bricklink.com/v2/catalog/catalogitem.page?M=adv030#T=S&O={%22iconly%22:0}
,adv032,Ngan Pa (Yeti Hunter),Mongolian,7417-1,Temple of Mount Everest,Adventurers: Orient Expedition,male,2003,NA,https://www.bricklink.com/v2/catalog/catalogitem.page?M=adv032#T=S&O={%22iconly%22:0}
,hol264,"Grandfather, Black Shirt with Dark Red Scarf, Dark Brown Legs, Light Bluish Gray Hair",Chinese,80108-1,Lunar New Year Traditions,Holiday & Event: Chinese New Year,male,2022,NA,https://www.bricklink.com/v2/catalog/catalogitem.page?M=hol264#T=S&O={%22iconly%22:0}
,hol268,The God of Wealth,Chinese,80108-1,Lunar New Year Traditions,Holiday & Event: Chinese New Year,male,2022,NA,https://www.bricklink.com/v2/catalog/catalogitem.page?M=hol268#T=S&O={%22iconly%22:0}
,adv021,Pharaoh Hotep,Egyptian,"2996-1, 3021-1, 1183-1, 5958-1, 5988-1, 5978-1","Adventurers Tomb (The Lost Tomb), King Pharaoh the Third, Mummy and Cart, Mummy's Tomb, Pharaoh's Forbidden Ruins, Sphinx Secret Surprise",Adventurers: Desert,male,1998 - 2001,NA,https://www.bricklink.com/v2/catalog/catalogitem.page?M=adv021#T=S&O={%22iconly%22:0}
,hol258,Year of the Tiger Guy,Chinese,80109-1,Lunar New Year Ice Festival,Holiday & Event: Chinese New Year,neutral,2022,NA,https://www.bricklink.com/v2/catalog/catalogitem.page?M=hol258#T=S&O={%22iconly%22:0}
,adv031,Scorpion Palace Guard,South Asian,7418-1,Scorpion Palace,Adventurers: Orient Expedition,male,2003,NA,https://www.bricklink.com/v2/catalog/catalogitem.page?M=adv031#T=S&O={%22iconly%22:0}
,adv053,Snake Charmer (Undetermined Eyebrows),South Asian,9349-1,Fairytale & Historic Minifigure Set,Adventurers,male,NA,NA,https://www.bricklink.com/v2/catalog/catalogitem.page?M=adv053#T=S&O={%22iconly%22:0}
,adv053a,"Snake Charmer, Black Eyebrows",South Asian,9349-1,Fairytale & Historic Minifigure Set,Adventurers,male,2011 - 2016,NA,https://www.bricklink.com/v2/catalog/catalogitem.page?M=adv053a#T=S&O={%22iconly%22:0}
,adv053b,"Snake Charmer, Reddish Brown Eyebrows",South Asian,9349-1,Fairytale & Historic Minifigure Set,Adventurers,male,2011 - 2016,NA,https://www.bricklink.com/v2/catalog/catalogitem.page?M=adv053b#T=S&O={%22iconly%22:0}
,hol137,"Dragon Dance Performer, Pig Costume, No Tail, Open Mouth Smile with White Teeth and Red Tongue",Chinese,80102-1,Dragon Dance,Holiday & Event: Chinese New Year,male,2019,NA,https://www.bricklink.com/v2/catalog/catalogitem.page?M=hol137#T=S&O={%22iconly%22:0}
,hol136,"Dragon Dance Performer, Tied Red Bandana, Angry Eyebrows and Scowl",Chinese,80102-1,Dragon Dance,Holiday & Event: Chinese New Year,male,2019,NA,https://www.bricklink.com/v2/catalog/catalogitem.page?M=hol136#T=S&O={%22iconly%22:0}
,hol134,"Dragon Dance Performer, Tied Red Bandana, Open Mouth Smile with Teeth",Chinese,80102-1,Dragon Dance,Holiday & Event: Chinese New Year,male,2019,NA,https://www.bricklink.com/v2/catalog/catalogitem.page?M=hol134#T=S&O={%22iconly%22:0}
,hol133,"Dragon Dance Performer, Top Knot and Headband, Lopsided Grin",Chinese,80102-1,Dragon Dance,Holiday & Event: Chinese New Year,male,2019,NA,https://www.bricklink.com/v2/catalog/catalogitem.page?M=hol133#T=S&O={%22iconly%22:0}
,hol135,"Dragon Dance Performer, Top Knot and Headband, Scared / Lopsided Smile",Chinese,80102-1,Dragon Dance,Holiday & Event: Chinese New Year,male,2019,NA,https://www.bricklink.com/v2/catalog/catalogitem.page?M=hol135#T=S&O={%22iconly%22:0}
,iaj037,Cairo Swordsman,Egyptian,7195-1,Ambush in Cairo,Indiana Jones: Raiders of the Lost Ark,male,2009,Indiana Jones,https://www.bricklink.com/v2/catalog/catalogitem.page?M=iaj037#T=S&O={%22iconly%22:0}
,hol180,"Lion Dance Musician, Red Head Wrap, Glasses, Red Robe with Gold Dragon",Chinese,80104-1,Lion Dance,Holiday & Event: Chinese New Year,male,2020,NA,https://www.bricklink.com/v2/catalog/catalogitem.page?M=hol180#T=S&O={%22iconly%22:0}
,hol181,"Lion Dance Musician, Red Head Wrap, Lopsided Grin, Raised Eyebrow, Red Robe with Gold Dragon",Chinese,80104-1,Lion Dance,Holiday & Event: Chinese New Year,male,2020,NA,https://www.bricklink.com/v2/catalog/catalogitem.page?M=hol181#T=S&O={%22iconly%22:0}
,hol179,"Lion Dance Musician, Red Head Wrap, Smile, Red Robe with Gold Dragon",Chinese,80104-1,Lion Dance,Holiday & Event: Chinese New Year,male,2020,NA,https://www.bricklink.com/v2/catalog/catalogitem.page?M=hol179#T=S&O={%22iconly%22:0}
,hol178,"Man, Lion Dance, Red Shirt, Red Legs with Gold Fringe",Chinese,80104-1,Lion Dance,Holiday & Event: Chinese New Year,male,2020,NA,https://www.bricklink.com/v2/catalog/catalogitem.page?M=hol178#T=S&O={%22iconly%22:0}
,hol175,"Mayor, Lion Dance, Red Scarf, Black Suit",Chinese,80104-1,Lion Dance,Holiday & Event: Chinese New Year,male,2020,NA,https://www.bricklink.com/v2/catalog/catalogitem.page?M=hol175#T=S&O={%22iconly%22:0}
,hol176,"Woman, Lion Dance, White Shirt, Gold Legs with Fringe",Chinese,80104-1,Lion Dance,Holiday & Event: Chinese New Year,female,2020,NA,https://www.bricklink.com/v2/catalog/catalogitem.page?M=hol176#T=S&O={%22iconly%22:0}
,hol177,"Woman, Lion Dance, White Shirt, White Legs with Red Fringe",Chinese,80104-1,Lion Dance,Holiday & Event: Chinese New Year,female,2020,NA,https://www.bricklink.com/v2/catalog/catalogitem.page?M=hol177#T=S&O={%22iconly%22:0}
,hol174,Year of the Rat Mascot Guy,Chinese,80104-1,Lion Dance,Holiday & Event: Chinese New Year,male,2020,NA,https://www.bricklink.com/v2/catalog/catalogitem.page?M=hol174#T=S&O={%22iconly%22:0}
,iaj038,Cairo Thug,Egyptian,7195-1,Ambush in Cairo,Indiana Jones: Raiders of the Lost Ark,male,2009,Indiana Jones,https://www.bricklink.com/v2/catalog/catalogitem.page?M=iaj038#T=S&O={%22iconly%22:0}
,iaj018,Colonel Dovchenko,Ukranian,"7626-1, 7628-1","Jungle Cutter, Peril in Peru",Indiana Jones: Kingdom of the Crystal Skull,male,2008,Indiana Jones,https://www.bricklink.com/v2/catalog/catalogitem.page?M=iaj018#T=S&O={%22iconly%22:0}
,iaj003,German Soldier 1,German,7620-1,Indiana Jones Motorcycle Chase,Indiana Jones: Last Crusade,male,2008,Indiana Jones,https://www.bricklink.com/v2/catalog/catalogitem.page?M=iaj003#T=S&O={%22iconly%22:0}
,iaj005,German Soldier 2,German,7622-1,Race for the Stolen Treasure,Indiana Jones: Raiders of the Lost Ark,male,2008,Indiana Jones,https://www.bricklink.com/v2/catalog/catalogitem.page?M=iaj005#T=S&O={%22iconly%22:0}
,iaj006,German Soldier 3,German,7622-1,Race for the Stolen Treasure,Indiana Jones: Raiders of the Lost Ark,male,2008,Indiana Jones,https://www.bricklink.com/v2/catalog/catalogitem.page?M=iaj006#T=S&O={%22iconly%22:0}
,iaj004,German Soldier 4,German,7622-1,Race for the Stolen Treasure,Indiana Jones: Raiders of the Lost Ark,male,2008,Indiana Jones,https://www.bricklink.com/v2/catalog/catalogitem.page?M=iaj004#T=S&O={%22iconly%22:0}
,iaj023,"
German Soldier 5",German,"7683-1, 7198-1","Fight on the Flying Wing, Fighter Plane Attack",Indiana Jones: Raiders of the Lost Ark,male,2009,Indiana Jones,https://www.bricklink.com/v2/catalog/catalogitem.page?M=iaj023#T=S&O={%22iconly%22:0}
,hol223,"Child Boy, Red Shirt, Black Short Legs, Dark Azure Beanie",Chinese,80106-1,Story of Nian,Holiday & Event: Chinese New Year,male,2021,NA,https://www.bricklink.com/v2/catalog/catalogitem.page?M=hol223#T=S&O={%22iconly%22:0}
,hol222,"Child Girl, Red Shirt with Bows and Flowers, Red Short Legs, Black Short Hair, Glasses",Chinese,80106-1,Story of Nian,Holiday & Event: Chinese New Year,female,2021,NA,https://www.bricklink.com/v2/catalog/catalogitem.page?M=hol222#T=S&O={%22iconly%22:0}
,hol225,"Father, Red Shirt, Blue Legs, Black Hair",Chinese,80106-1,Story of Nian,Holiday & Event: Chinese New Year,male,2021,NA,https://www.bricklink.com/v2/catalog/catalogitem.page?M=hol225#T=S&O={%22iconly%22:0}
,hol221,"Grandfather, Argyle Cardigan over Red Shirt, Dark Blue Legs, Light Bluish Gray Hair",Chinese,80106-1,Story of Nian,Holiday & Event: Chinese New Year,male,2021,NA,https://www.bricklink.com/v2/catalog/catalogitem.page?M=hol221#T=S&O={%22iconly%22:0}
,hol220,"Grandmother, Floral Shirt, Black Legs, Light Bluish Gray Hair, Glasses",Chinese,80106-1,Story of Nian,Holiday & Event: Chinese New Year,female,2021,NA,https://www.bricklink.com/v2/catalog/catalogitem.page?M=hol220#T=S&O={%22iconly%22:0}
,hol224,Year of the Ox Guy,Chinese,80106-1,Story of Nian,Holiday & Event: Chinese New Year,male,2021,NA,https://www.bricklink.com/v2/catalog/catalogitem.page?M=hol224#T=S&O={%22iconly%22:0}
,hol230,"Child Boy, Monkie Kid Shirt, Red Scarf, Dark Green Short Legs, Black Hair",Chinese,80107-1,Spring Lantern Festival,Holiday & Event: Chinese New Year,male,2021,NA,https://www.bricklink.com/v2/catalog/catalogitem.page?M=hol230#T=S&O={%22iconly%22:0}
,hol228,"Man, Dark Red '2021' Shirt, Blue Legs, Black Hair",Chinese,80107-1,Spring Lantern Festival,Holiday & Event: Chinese New Year,male,2021,NA,https://www.bricklink.com/v2/catalog/catalogitem.page?M=hol228#T=S&O={%22iconly%22:0}
,hol223,Statue - Chinese New Year Lantern Festival,Chinese,80107-1,Spring Lantern Festival,Holiday & Event: Chinese New Year,N/A,2021,NA,https://www.bricklink.com/v2/catalog/catalogitem.page?M=hol233#T=S&O={%22iconly%22:0}
,hol229,"Woman, Dark Red '2021' Shirt, Sand Blue Legs, Long Black Hair",Chinese,80107-1,Spring Lantern Festival,Holiday & Event: Chinese New Year,female,2021,NA,https://www.bricklink.com/v2/catalog/catalogitem.page?M=hol229#T=S&O={%22iconly%22:0}
,iaj014,Irina Spalko,Russian,"7624-1, 7628-1, 7627-1","Jungle Duel, Peril in Peru, Temple of the Crystal Skull",Indiana Jones: Kingdom of the Crystal Skull:,female,2008 - 2009,Indiana Jones,https://www.bricklink.com/v2/catalog/catalogitem.page?M=iaj014#T=S&O={%22iconly%22:0}
,iaj041,Kazim,Armenian,7197-1,Venice Canal Chase,Indiana Jones: Last Crusade,male,2009,Indiana Jones,https://www.bricklink.com/v2/catalog/catalogitem.page?M=iaj041#T=S&O={%22iconly%22:0}
,iaj036,Marion Ravenwood - Red and White Cairo Outfit,Egyptian,7195-1,Ambush in Cairo,Indiana Jones: Raiders of the Lost Ark,female,2009,Indiana Jones,https://www.bricklink.com/v2/catalog/catalogitem.page?M=iaj036#T=S&O={%22iconly%22:0}
,Tlr002,Tonto,American Indian,"30261-1, 79107-1, 79108-1, 79109-1, 79111-1","Tonto's Campfire, Comanche Camp, Stagecoach Escape, Colby City Showdown, Constitution Train Chase",Western: Indians,Male,2013,The Lone Ranger,https://www.bricklink.com/v2/catalog/catalogitem.page?M=tlr002&name=Tonto&category=%5BThe%20Lone%20Ranger%5D#T=S&O={%22iconly%22:0}
,Tlr003,Red Knee,American Indian,79107-1,Comanche Camp,Western: Indians,Male,2013,The Lone Ranger,https://www.bricklink.com/v2/catalog/catalogitem.page?M=tlr003&name=Red%20Knee&category=%5BThe%20Lone%20Ranger%5D#T=S&O={%22iconly%22:0}
,Tlr007,Chief Big Bear,American Indian,79110-1,Silver Mine Shootout,Western: Indians,Male,2013,The Lone Ranger,https://www.bricklink.com/v2/catalog/catalogitem.page?M=tlr007&name=Chief%20Big%20Bear&category=%5BThe%20Lone%20Ranger%5D#T=S&O={%22iconly%22:0}
,Tlr012,Tonto- Mine Outfit,American Indian,79110-1,Silver Mine Shootout,Western: Indians,Male,2013,The Lone Ranger,https://www.bricklink.com/v2/catalog/catalogitem.page?M=tlr012&name=Tonto%20-%20Mine%20Outfit&category=%5BThe%20Lone%20Ranger%5D#T=S&O={%22iconly%22:0}
,ww014,"Indian Red Shirt, Quiver",American Indian,"6763-1, 6766-1, 6748-1, 6747-1","Rapid River Village (2002), Rapid River Village (1997), Boulder Cliff Canyon,  Chief’s Tepee ",Western: Indians,Male,1997-2002,NA,"https://www.bricklink.com/v2/catalog/catalogitem.page?M=ww014&name=Indian%20Red%20Shirt,%20Quiver&category=%5BWestern%5D%5BIndians%5D#T=S&O={%22iconly%22:0}"
,ww016,"Indian Tan Shirt, Quiver",American Indian,"6766-1, 6748-1, 6178-1, 2846-1","Rapid River Village (1997), Boulder Cliff Canyon, Raindance Ridge, Indian Kayak",Western: Indians,Male,1997-2002,NA,"https://www.bricklink.com/v2/catalog/catalogitem.page?M=ww016&name=Indian%20Tan%20Shirt,%20Quiver&category=%5BWestern%5D%5BIndians%5D#T=S&O={%22iconly%22:0}"
,Ww017,Indian Chief,American Indian,"6763-1, 6766-1, 6747-1, 6709-1","Rapid River Village (2002), Rapid River Village (1997), Chief’s Tepee, Tribal Chief",Western: Indians,Male,1997-2002,NA,https://www.bricklink.com/v2/catalog/catalogitem.page?M=ww017&name=Indian%20Chief&category=%5BWestern%5D%5BIndians%5D#T=S&O={%22iconly%22:0}
,ww017a,Indian Chief with LEGO Logo on Back,American Indian,N/A,N/A,Western: Indians,Male,1997,NA,https://www.bricklink.com/v2/catalog/catalogitem.page?M=ww017a#T=S&O={%22iconly%22:0}
,ww018,"Indian Female, Quiver",American Indian,"6763-1, 6766-1, 6748-1, 6747-1","Rapid River Village (2002), Rapid River Village (1997), Boulder Cliff Canyon, Chief’s Tepee ",Western: Indians,Female,1997-2002,NA,"https://www.bricklink.com/v2/catalog/catalogitem.page?M=ww018&name=Indian%20Female,%20Quiver&category=%5BWestern%5D%5BIndians%5D#T=S&O={%22iconly%22:0}"
,ww019,Indian Medicine Man,American Indian,"6763-1, 6766-1, 6748-1, 6178-1, 2845-1","Rapid River Village (2002), Rapid River Village (1997), Boulder Cliff Canyon, Raindance Ridge, Indian Chief ",Western: Indians,Male,1997-2002,NA,https://www.bricklink.com/v2/catalog/catalogitem.page?M=ww019&name=Indian%20Medicine%20Man&category=%5BWestern%5D%5BIndians%5D#T=S&O={%22iconly%22:0}
,ww022,Indian Red Shirt,American Indian,6748-1,Boulder Cliff Canyon,Western: Indians,Male,1997-2002,NA,https://www.bricklink.com/v2/catalog/catalogitem.page?M=ww022#T=S&O={%22iconly%22:0}
,ww023,Indian Tan Shirt 2,American Indian,N/A,N/A,Western: Indians,Male,2002,NA,https://www.bricklink.com/v2/catalog/catalogitem.page?M=ww023#T=S&O={%22iconly%22:0}
,ww024,Indian Chief 2,American Indian,N/A,N/A,Western: Indians,Male,2002,NA,https://www.bricklink.com/v2/catalog/catalogitem.page?M=ww024#T=S&O={%22iconly%22:0}
,ww026,Indian Tan Shirt,American Indian,"6763-1, 6766-1","Rapid River Village (2002), Rapid River Village (1997)",Western: Indians,Male,1997-2002,NA,https://www.bricklink.com/v2/catalog/catalogitem.page?M=ww026&name=Indian%20Tan%20Shirt&category=%5BWestern%5D%5BIndians%5D#T=S&O={%22iconly%22:0}
,Pi066,Islander Female,Pacific Islander (loosely),6256-1,Islander Catamaran,Pirates: Pirates I: Islanders,Female,1994,Pacific Islander,"https://www.bricklink.com/v2/catalog/catalogitem.page?M=pi066&name=Islander,%20Female&category=%5BPirates%5D%5BPirates%20I%5D%5BIslanders%5D#T=S&O={%22iconly%22:0}"
,Pi066A,"Islander, Female with Quiver",Pacific Islander (loosely),"6278-1, 6269-1","Enchanted Island (1994), Enchanted Island (2001)",Pirates: Pirates I: Islanders,Female,1994-2001,Pacific Islander,"https://www.bricklink.com/v2/catalog/catalogitem.page?M=pi066a&name=Islander,%20Female%20with%20Quiver&category=%5BPirates%5D%5BPirates%20I%5D%5BIslanders%5D#T=S&O={%22iconly%22:0}"
,Pi068,"Islander, King Kahuka",Pacific Islander (loosely),"6236-1, 6256-1, 6262-1, 6278-1 6269-1","King Kahuka, Islander Catamaran, King Kahuka’s Throne, Enchanted Island (1994), Enchanted Island (2001)",Pirates: Pirates I: Islanders,Male,1994-2001,Pacific Islander,"https://www.bricklink.com/v2/catalog/catalogitem.page?M=pi068&name=Islander,%20King%20Kahuka&category=%5BPirates%5D%5BPirates%20I%5D%5BIslanders%5D#T=S&O={%22iconly%22:0}"
,Pi069,"Islander, King, with Black Hair-Piece",Pacific Islander (loosely),6264-1,Forbidden Cove,Pirates: Pirates I: Islanders,Male,1994,Pacific Islander,"https://www.bricklink.com/v2/catalog/catalogitem.page?M=pi069&name=Islander,%20King,%20with%20Black%20Hair-Piece&category=%5BPirates%5D%5BPirates%20I%5D%5BIslanders%5D#T=S&O={%22iconly%22:0}"
,Pi070,"Islander, Male",Pacific Islander (loosely),"6262-1, 6278-1, 6269-1","King Kahuka’s Throne, Enchanted Island (1994), Enchanted Island (2001)",Pirates: Pirates I: Islanders,Male,1994-2001,Pacific Islander,"https://www.bricklink.com/v2/catalog/catalogitem.page?M=pi070&name=Islander,%20Male&category=%5BPirates%5D%5BPirates%20I%5D%5BIslanders%5D#T=S&O={%22iconly%22:0}"
,Pi079,"Islander, Male with Quiver",Pacific Islander (loosely),"6246-1, 6264-1","Crocodile Cage, Forbidden Cove",Pirates: Pirates I: Islanders,Male,1994,Pacific Islander,"https://www.bricklink.com/v2/catalog/catalogitem.page?M=pi079&name=Islander,%20Male%20with%20Quiver&category=%5BPirates%5D%5BPirates%20I%5D%5BIslanders%5D#T=S&O={%22iconly%22:0}"
,iaj031,Mola Ram,South Asian,7199-1,The Temple of Doom,Indiana Jones: Temple of Doom,male,2008,Indiana Jones,https://www.bricklink.com/v2/catalog/catalogitem.page?M=iaj031#T=S&O={%22iconly%22:0}
,iaj013,Russian Guard 1,Russian,"7626-1, 7628-1, 7627-1","Jungle Cutter, Peril in Peru, Temple of the Crystal Skull",Indiana Jones: Kingdom of the Crystal Skull,male,2008,Indiana Jones,https://www.bricklink.com/v2/catalog/catalogitem.page?M=iaj013#T=S&O={%22iconly%22:0}
,iaj017,Russian Guard 2,Russian,"7626-1, 7625-1","Jungle Cutter, River Chase",Indiana Jones: Kingdom of the Crystal Skull,male,2008,Indiana Jones,https://www.bricklink.com/v2/catalog/catalogitem.page?M=iaj017#T=S&O={%22iconly%22:0}
,iaj021,Russian Guard 3,Russian,7625-1,River Chase,Indiana Jones: Kingdom of the Crystal Skull,male,2008,Indiana Jones,https://www.bricklink.com/v2/catalog/catalogitem.page?M=iaj021#T=S&O={%22iconly%22:0}
,iaj010,Satipo,South American,7623-1,Temple Escape,Indiana Jones: Raiders of the Lost Ark,male,2008,Indiana Jones,https://www.bricklink.com/v2/catalog/catalogitem.page?M=iaj010#T=S&O={%22iconly%22:0}
,iaj028,Shanghai Gangster Grin,Chinese,7682-1,Shanghai Chase,Indiana Jones: Temple of Doom,male,2009,Indiana Jones,https://www.bricklink.com/v2/catalog/catalogitem.page?M=iaj028#T=S&O={%22iconly%22:0}
,iaj027,Shanghai Gangster Moustache,Chinese,7682-1,Shanghai Chase,Indiana Jones: Temple of Doom,male,2009,Indiana Jones,https://www.bricklink.com/v2/catalog/catalogitem.page?M=iaj027#T=S&O={%22iconly%22:0}
,iaj025,Short Round,Chinese,"7682-1, 7199-1","Shanghai Chase, The Temple of Doom",Indiana Jones: Temple of Doom,male,2009,Indiana Jones,https://www.bricklink.com/v2/catalog/catalogitem.page?M=iaj025#T=S&O={%22iconly%22:0}
,iaj034,Temple Guard 1,South Asian,7199-1,The Temple of Doom,Indiana Jones: Temple of Doom,male,2009,Indiana Jones,https://www.bricklink.com/v2/catalog/catalogitem.page?M=iaj034#T=S&O={%22iconly%22:0}
,iaj035,Temple Guard 2,South Asian,7199-1,The Temple of Doom,Indiana Jones: Temple of Doom,male,2009,Indiana Jones,https://www.bricklink.com/v2/catalog/catalogitem.page?M=iaj035#T=S&O={%22iconly%22:0}
,dis004,"Aladdin, Disney, Series 1 (Minifigure Only without Stand and Accessories)",Middle Eastern and Asian,coldis-4,"Aladdin, Disney, Series 1 (Complete Set with Stand and Accessories)",Collectible Minifigures: Disney: Disney Series 1: coldis-4,male,2016,Aladdin,"https://www.bricklink.com/v2/catalog/catalogitem.page?M=dis004&name=Aladdin,%20Disney,%20Series%201%20(Minifigure%20Only%20without%20Stand%20and%20Accessories)&category=%5BCollectible%20Minifigures%5D%5BDisney%5D%5BDisney%20Series%201%5D#T=S&O={%22iconly%22:0}"
,iaj015,Ugha Warrior with Hair,South American,"comcon002-1, 7627-1","Indiana Jones BrickMaster Pack - San Diego Comic-Con 2008 Exclusive, Temple of the Crystal Skull",Indiana Jones: Kingdom of the Crystal Skull,female,2008,Indiana Jones,https://www.bricklink.com/v2/catalog/catalogitem.page?M=iaj015#T=S&O={%22iconly%22:0}
,iaj016,Ugha Warrior without Hair,South American,"comcon002-1, 7627-1","Indiana Jones BrickMaster Pack - San Diego Comic-Con 2008 Exclusive, Temple of the Crystal Skull",Indiana Jones: Kingdom of the Crystal Skull,female,2008,Indiana Jones,https://www.bricklink.com/v2/catalog/catalogitem.page?M=iaj016#T=S&O={%22iconly%22:0}
,col381,"Ancient Warrior, Series 21 (Minifigure Only without Stand and Accessories)",Aztec,col21-8,"Ancient Warrior, Series 21 (Complete Set with Stand and Accessories)",Collectible Minifigures: Series 21 Minifigures,male,2021,NA,https://www.bricklink.com/v2/catalog/catalogitem.page?M=col381#T=S&O={%22iconly%22:0}
,coltlbm39,"Apache Chief, The LEGO Batman Movie, Series 2 (Minifigure Only without Stand and Accessories)",Native American,coltlbm2-15,"Apache Chief, The LEGO Batman Movie, Series 2 (Complete Set with Stand and Accessories)",Collectible Minifigures: Super Heroes: The LEGO Batman Movie: The LEGO Batman Movie Series 2,male,2018,LEGO Batman Movie,https://www.bricklink.com/v2/catalog/catalogitem.page?M=coltlbm39#T=S&O={%22iconly%22:0}
,col149,"Tomahawk Warrior, Series 10 (Minifigure Only without Stand and Accessories)",Mohawk,col10-5,"Tomahawk Warrior, Series 10 (Complete Set with Stand and Accessories)",Collectible Minifigures: Series 10 Minifigures,male,2013,NA,https://www.bricklink.com/v2/catalog/catalogitem.page?id=117787#T=S&O={%22iconly%22:0}
,col034,"Tribal Chief, Series 3 (Minifigure Only without Stand and Accessories)",Indian,col03-3,"Tribal Chief, Series 3 (Complete Set with Stand and Accessories)",Collectible Minifigures: Series 3 Minifigures,male,2011,NA,https://www.bricklink.com/v2/catalog/catalogitem.page?id=95948#T=S&O={%22iconly%22:0}
,col001,"Tribal Hunter, Series 1 (Minifigure Only without Stand and Accessories)",Indian,col01-1,"Tribal Hunter, Series 1 (Complete Set with Stand and Accessories)",Collectible Minifigures: Series 1 Minifigures,male,2010,NA,https://www.bricklink.com/v2/catalog/catalogitem.page?M=col001#T=S&O={%22iconly%22:0}
,col232,"Tribal Woman, Series 15 (Minifigure Only without Stand and Accessories)",Indian,col15-5,"Tribal Woman, Series 15 (Minifigure Only without Stand and Accessories)",Collectible Minifigures: Series 15 Minifigures,female,2016,NA,https://www.bricklink.com/v2/catalog/catalogitem.page?M=col232#T=S&O={%22iconly%22:0}
,col109,"Viking Woman, Series 7 (Minifigure Only without Stand and Accessories)",Viking,col07-13,"Viking Woman, Series 7 (Complete Set with Stand and Accessories)",Collectible Minifigures: Series 7 Minifigures,female,2012,NA,https://www.bricklink.com/v2/catalog/catalogitem.page?id=109002#T=S&O={%22iconly%22:0}
,col054,"Viking, Series 4 (Minifigure Only without Stand and Accessories)",Viking,col04-6,"Viking, Series 4 (Minifigure Only without Stand and Accessories)",Collectible Minifigures: Series 4 Minifigures,male,2011,NA,https://www.bricklink.com/v2/catalog/catalogitem.page?id=97088#T=S&O={%22iconly%22:0}
,col365,"Viking, Series 20 (Minifigure Only without Stand and Accessories)",Viking,col20-8,"Viking, Series 20 (Minifigure Only without Stand and Accessories)",Collectible Minifigures: Series 20 Minifigures,male,2020,NA,https://www.bricklink.com/v2/catalog/catalogitem.page?id=186839#T=S&O={%22iconly%22:0}
,col098,"Aztec Warrior, Series 7 (Minifigure Only without Stand and Accessories)",Aztec,col07-2,"Aztec Warrior, Series 7 (Complete Set with Stand and Accessories)",Collectible Minifigures: Series 7 Minifigures,male,2012,NA,https://www.bricklink.com/v2/catalog/catalogitem.page?M=col098#T=S&O={%22iconly%22:0}
,tlm012,"Taco Tuesday Guy, The LEGO Movie (Minifigure Only without Stand and Accessories)",Mexican,coltlm-12,"Taco Tuesday Guy, The LEGO Movie (Complete Set with Stand and Accessories)",Collectible Minifigures: The LEGO Movie,male,2014,"90307pb02: Red Minifigure, Headgear Hat, Mexican Sombrero with Bright Green Trim Pattern. 90542pb02: Yellow Minifigure Poncho Half Cloth with Green and Red Mexican Print Pattern",https://www.bricklink.com/v2/catalog/catalogitem.page?id=122180#T=S&O={%22iconly%22:0}
,col183,"Battle Goddess, Series 12 (Minifigure Only without Stand and Accessories)",Greek,col12-5,"Battle Goddess, Series 12 (Complete Set with Stand and Accessories)",Collectible Minifigures: Series 12 Minifigures,female,2014,NA,https://www.bricklink.com/v2/catalog/catalogitem.page?M=col183#T=S&O={%22iconly%22:0}
,colhp07,"Cho Chang, Harry Potter, Series 1 (Minifigure Only without Stand and Accessories)",Chinese,colhp-7,"Cho Chang, Harry Potter, Series 1 (Complete Set with Stand and Accessories)",Collectible Minifigures: Harry Potter: Harry Potter Series 1,female,2018,Harry Potter,https://www.bricklink.com/v2/catalog/catalogitem.page?M=colhp07#T=S&O={%22iconly%22:0}
,col114,"Conquistador, Series 8 (Minifigure Only without Stand and Accessories)",Spanish,col08-2,"Conquistador, Series 8 (Minifigure Only without Stand and Accessories)",Collectible Minifigures: Series 8 Minifigures,male,2012,NA,https://www.bricklink.com/v2/catalog/catalogitem.page?M=col114#T=S&O={%22iconly%22:0}
,col078,"Egyptian Queen, Series 5 (Minifigure Only without Stand and Accessories)",Egyptian,col05-14,"Egyptian Queen, Series 5 (Complete Set with Stand and Accessories)","Egyptian Queen, Series 5 (Complete Set with Stand and Accessories)",female,2011,NA,https://www.bricklink.com/v2/catalog/catalogitem.page?M=col078#T=S&O={%22iconly%22:0}
,col202,"Egyptian Warrior, Series 13 (Minifigure Only without Stand and Accessories)",Egyptian,col13-8,"Egyptian Warrior, Series 13 (Complete Set with Stand and Accessories)",Collectible Minifigures: Series 13 Minifigures,female,2015,NA,https://www.bricklink.com/v2/catalog/catalogitem.page?M=col202#T=S&O={%22iconly%22:0}
,coltlnm19,"Sushi Chef, The LEGO Ninjago Movie (Minifigure Only without Stand and Accessories)",Japanese,coltnm-19,"Sushi Chef, The LEGO Ninjago Movie (Complete Set with Stand and Accessories)",Collectible Minifigures: The LEGO Ninjago Movie,male,2017,The LEGO Ninjago Movie,https://www.bricklink.com/v2/catalog/catalogitem.page?M=coltlnm19#T=S&O={%22iconly%22:0}
,coltm11,"Swedish Chef, The Muppets (Minifigure Only without Stand and Accessories)",Swedish,coltm-11,"Swedish Chef, The Muppets (Complete Set with Stand and Accessories)",Collectible Minifigures: The Muppets,male,2022,The Muppets,https://www.bricklink.com/v2/catalog/catalogitem.page?M=coltm11#T=S&O={%22iconly%22:0}
,col147,"Roman Commander, Series 10 (Minifigure Only without Stand and Accessories)",Roman,col10-3,"Roman Commander, Series 10 (Complete Set with Stand and Accessories)",Collectible Minifigures: Series 10 Minifigures,male,2013,N/A,https://www.bricklink.com/v2/catalog/catalogitem.page?M=col147#T=S&O={%22iconly%22:0}
,col133,"Roman Emperor, Series 9 (Minifigure Only without Stand and Accessories)",Roman,col09-5,"Roman Emperor, Series 9 (Complete Set with Stand and Accessories)",Collectible Minifigures: Series 9 Minifigures,male,2013,N/A,https://www.bricklink.com/v2/catalog/catalogitem.page?M=col133#T=S&O={%22iconly%22:0}
,col293,"Roman Gladiator, Series 17 (Minifigure Only without Stand and Accessories)",Roman,col17-8,"Roman Gladiator, Series 17 (Complete Set with Stand and Accessories)",Collectible Minifigures: Series 17 Minifigures,male,2017,N/A,https://www.bricklink.com/v2/catalog/catalogitem.page?M=col293#T=S&O={%22iconly%22:0}
,col090,"Roman Soldier, Series 6 (Minifigure Only without Stand and Accessories)",Roman,col06-10,"Roman Soldier, Series 6 (Complete Set with Stand and Accessories)",Collectible Minifigures: Series 6 Minifigures,male,2012,N/A,https://www.bricklink.com/v2/catalog/catalogitem.page?M=col090#T=S&O={%22iconly%22:0}
,gen098,Royal Guard,British,5005233-1,{Royal Guard polybag},Collectible Minifigures: Promotional,male,2018,N/A,https://www.bricklink.com/v2/catalog/catalogitem.page?M=gen098#T=S&O={%22iconly%22:0}
,col067,"Royal Guard, Series 5 (Minifigure Only without Stand and Accessories)",British,col05-3,"Royal Guard, Series 5 (Complete Set with Stand and Accessories)",Collectible Minifigures: Series 5 Minifigures,male,2011,N/A,https://www.bricklink.com/v2/catalog/catalogitem.page?M=col067#T=S&O={%22iconly%22:0}
,col035,"Samurai Warrior, Series 3 (Minifigure Only without Stand and Accessories)",Japanese,col03-4,"Samurai Warrior, Series 3 (Complete Set with Stand and Accessories)",Collectible Minifigures: Series 3 Minifigures,male,2011,NA,https://www.bricklink.com/v2/catalog/catalogitem.page?M=col035#T=S&O={%22iconly%22:0}
,col206,"Samurai, Series 13 (Minifigure Only without Stand and Accessories)",Japanese,col13-12,"Samurai, Series 13 (Complete Set with Stand and Accessories)",Collectible Minifigures: Series 13 Minifigures,female,2015,NA,https://www.bricklink.com/v2/catalog/catalogitem.page?M=col206#T=S&O={%22iconly%22:0}
,col032,"Pharaoh, Series 2 (Minifigure Only without Stand and Accessories)",Egyptian,col02-16,"Pharaoh, Series 2 (Complete Set with Stand and Accessories)",Collectible Minifigures: Series 2 Minifigures,male,2010,NA,https://www.bricklink.com/v2/catalog/catalogitem.page?M=col032#T=S&O={%22iconly%22:0}
,col156,"Revolutionary Soldier, Series 10 (Minifigure Only without Stand and Accessories)",European,col10-12,"Revolutionary Soldier, Series 10 (Complete Set with Stand and Accessories)",Collectible Minifiguers: Series 10 Minifigures,male,2013,NA,https://www.bricklink.com/v2/catalog/catalogitem.page?id=117794#T=S&O={%22iconly%22:0}
,col088,"Minotaur, Series 6 (Minifigure Only without Stand and Accessories)",Greek,col06-8,"Minotaur, Series 6 (Complete Set with Stand and Accessories)",Collectible Minifigures: Series 6 Minifigures,N/A,2012,NA,https://www.bricklink.com/v2/catalog/catalogitem.page?M=col088#T=S&O={%22iconly%22:0}
,col347,"Mummy Queen, Series 19 (Minifigure Only without Stand and Accessories)",Egyptian,col19-6,"Mummy Queen, Series 19 (Complete Set with Stand and Accessories)",Collectible Minifigures: Series 19 Minifigures,female,2019,NA,https://www.bricklink.com/v2/catalog/catalogitem.page?M=col347#T=S&O={%22iconly%22:0}
,col045,"Mummy, Series 3 (Minifigure Only without Stand and Accessories)",Egyptian,"col03-8, 850458-1","Mummy, Series 3 (Complete Set with Stand and Accessories), VIP Top 5 Boxed Minifigures",Collectible Minifiguers: Series 3 Minifigures,N/A,2011-2012,NA,https://www.bricklink.com/v2/catalog/catalogitem.page?M=col045#T=S&O={%22iconly%22:0}
,col012,"Ninja, Series 1 (Minifigure Only without Stand and Accessories)",Japanese,col01-12,"Ninja, Series 1 (Complete Set with Stand and Accessories)",Collectible Minifigures: Series 1 Minifigures,male,2010,NA,https://www.bricklink.com/v2/catalog/catalogitem.page?id=93044#T=S&O={%22iconly%22:0}
,col115,"Lederhosen Guy, Series 8 (Minifigure Only without Stand and Accessories)",German,col08-3,"Lederhosen Guy, Series 8 (Complete Set with Stand and Accessories)",Collectible Minifigures: Series 8 Minifigures,male,2012,NA,https://www.bricklink.com/v2/catalog/catalogitem.page?M=col115#T=S&O={%22iconly%22:0}
,col089,"Leprechaun, Series 6 (Minifigure Only without Stand and Accessories)",Irish,col06-9,"Leprechaun, Series 6 (Complete Set with Stand and Accessories)",Collectible Minifigures: Series 6 Minifigures,male,2012,NA,https://www.bricklink.com/v2/catalog/catalogitem.page?M=col089#T=S&O={%22iconly%22:0}
,coltlnm03,"Lloyd, The LEGO Ninjago Movie (Minifigure Only without Stand and Accessories)",Japanese,coltlnm-3,"Lloyd, The LEGO Ninjago Movie (Complete Set with Stand and Accessories)",Collectible Minifigures: The LEGO Ninjago Movie,male,2017,The LEGO Ninjago Movie,https://www.bricklink.com/v2/catalog/catalogitem.page?M=coltlnm03#T=S&O={%22iconly%22:0}
,col256,"Mariachi, Series 16 (Minifigure Only without Stand and Accessories)",Mexican,col16-13,"Mariachi, Series 16 (Complete Set with Stand and Accessories)",Collectible Minifigures: Series 16 Minifigures,male,2016,NA,https://www.bricklink.com/v2/catalog/catalogitem.page?id=147549#T=S&O={%22iconly%22:0}
,col017,"Mariachi / Maraca Man, Series 2 (Minifigure Only without Stand and Accessories)",Mexican,col02-1,"Mariachi / Maraca Man, Series 2 (Complete Set with Stand and Accessories)",Collectible Minifigures: Series 2 Minifigures,male,2010,NA,https://www.bricklink.com/v2/catalog/catalogitem.page?id=94922#T=S&O={%22iconly%22:0}
,col367,"Martial Arts Boy, Series 20 (Minifigure Only without Stand and Accessories)",East Asian,col20-10,"Martial Arts Boy, Series 20 (Complete Set with Stand and Accessories)",Collectible Minifigures: Series 20 Minifigures,male,2020,NA,https://www.bricklink.com/v2/catalog/catalogitem.page?M=col367#T=S&O={%22iconly%22:0}
,coltlnm04,"Master Wu, The LEGO Ninjago Movie (Minifigure Only without Stand and Accessories)",East Asian,coltlnm-4,"Master Wu, The LEGO Ninjago Movie (Complete Set with Stand and Accessories)",Collectible Minifigures: The LEGO Ninjago Movie,male,2017,NA,https://www.bricklink.com/v2/catalog/catalogitem.page?id=157269#T=S&O={%22iconly%22:0}
,col180,"Hun Warrior, Series 12 (Minifigure Only without Stand and Accessories)",Chinese,col12-2,"Hun Warrior, Series 12 (Complete Set with Stand and Accessories)",Collectible Minifigures: Series 12 Minifigures,male,2014,NA,https://www.bricklink.com/v2/catalog/catalogitem.page?id=129161#T=S&O={%22iconly%22:0}
,col167,"Island Warrior, Series 11 (Minifigure Only without Stand and Accessories)",Polynesian,col11-5,"Island Warrior, Series 11 (Complete Set with Stand and Accessories)",Collectible Minifigures: Series 11 Minifigures,male,2013,NA,https://www.bricklink.com/v2/catalog/catalogitem.page?id=120412#T=S&O={%22iconly%22:0}
,dis035,"Jasmine, Disney, Series 2 (Minifigure Only without Stand and Accessories)",Middle Eastern and Asian,coldis2-12,"Jasmine, Disney, Series 2 (Complete Set with Stand and Accessories)",Collectible Minifigures: Disney: Disney Series 2,female,2019,NA,https://www.bricklink.com/v2/catalog/catalogitem.page?id=176004#T=S&O={%22iconly%22:0}
,tgb004,"Judo Fighter, Team GB (Minifigure Only without Stand and Accessories)",Japanese,coltgb-4,"Judo Fighter, Team GB (Complete Set with Stand and Accessories)",Collectible Minifigures: Team GB,female,2012,NA,https://www.bricklink.com/v2/catalog/catalogitem.page?id=110465#T=S&O={%22iconly%22:0}
,col030,"Karate Master, Series 2 (Minifigure Only without Stand and Accessories)",Japanese,col02-14,"Karate Master, Series 2 (Complete Set with Stand and Accessories)",Collectible Minifigures: Series 2 Minifigures,male,2010,NA,https://www.bricklink.com/v2/catalog/catalogitem.page?id=94914#T=S&O={%22iconly%22:0}
,col050,"Kimono Girl, Series 4 (Minifigure Only without Stand and Accessories)",Japanese,col04-2,"Kimono Girl, Series 4 (Complete Set with Stand and Accessories)",Collectible Minifigures: Series 4 Minifigures,female,2011,NA,https://www.bricklink.com/v2/catalog/catalogitem.page?id=97086#T=S&O={%22iconly%22:0}
,coltlbm19,"King Tut, The LEGO Batman Movie, Series 1 (Minifigure Only without Stand and Accessories)",Egyptian,coltlbm-19,"King Tut, The LEGO Batman Movie, Series 1 (Complete Set with Stand and Accessories)",Collectible Minifigures: Super Heroes: The LEGO Batman Movie: The LEGO Batman Movie Series 1,male,2017,The LEGO Batman Movie,https://www.bricklink.com/v2/catalog/catalogitem.page?id=151573#T=S&O={%22iconly%22:0}
,colhp35,"Kingsley Shacklebolt, Harry Potter, Series 2 (Minifigure Only without Stand and Accessories)",Muslim/islamic,colhp2-13,"Kingsley Shacklebolt, Harry Potter, Series 2 (Complete Set with Stand and Accessories)",Collectible Minifigures: Harry Potter: Harry Potter Series 2,male,2020,Harry Potter,https://www.bricklink.com/v2/catalog/catalogitem.page?id=191528#T=S&O={%22iconly%22:0}
,col096,"Genie, Series 6 (Minifigure Only without Stand and Accessories)",Muslim/islamic,col06-16,"Genie, Series 6 (Complete Set with Stand and Accessories)",Collectible Minifigures: Series 6 Minifigures,male,2012,NA,https://www.bricklink.com/v2/catalog/catalogitem.page?id=106339#T=S&O={%22iconly%22:0}
,col086,"Flamenco Dancer, Series 6 (Minifigure Only without Stand and Accessories)",Spanish,col06-6,"Flamenco Dancer, Series 6 (Complete Set with Stand and Accessories)",Collectible Minifigures: Series 6 Minifigures,female,2012,NA,https://www.bricklink.com/v2/catalog/catalogitem.page?id=106328#T=S&O={%22iconly%22:0}
,col234,"Faun, Series 15 (Minifigure Only without Stand and Accessories)",Roman,col15-7,"Faun, Series 15 (Complete Set with Stand and Accessories)",Collectible Minifigures: Series 15 Minifigures,male,2016,NA,https://www.bricklink.com/v2/catalog/catalogitem.page?id=141649#T=S&O={%22iconly%22:0}
,col379,"Centaur Warrior, Series 21 (Minifigure Only without Stand and Accessories)",Greek,col21-6,"Centaur Warrior, Series 21 (Complete Set with Stand and Accessories)",Collectible Minifigures: Series 21 Minifigures,female,2021,NA,https://www.bricklink.com/v2/catalog/catalogitem.page?M=col379#T=S&O={%22iconly%22:0}