item_id,item_description,bl_part_id,brick_link_color,usd,year,price_usd,brick_link_url,,is_female,is_male,is_child,is_dual_sided,is_plain,is_nonhuman,type,description2,na_description,description3,search_link
4261572,MINI HEAD NO. 389,51523,Yellow,NA,2015,NA,https://www.bricklink.com/v2/catalog/catalogitem.page?P=51523,"Minifigure, Head Male Smirk, Black Dimple, Pupils, Stubble Beard, Moustache, and Sideburns Pattern - Hollow Stud",FALSE,FALSE,FALSE,FALSE,FALSE,FALSE,neutral,NA,FALSE,NA,https://www.bricklink.com/v2/search.page?q=4261572#T=A
4261572,MINI HEAD NO. 389,51523,Yellow,NA,2016,NA,https://www.bricklink.com/v2/catalog/catalogitem.page?P=51523,"Minifigure, Head Male Smirk, Black Dimple, Pupils, Stubble Beard, Moustache, and Sideburns Pattern - Hollow Stud",FALSE,FALSE,FALSE,FALSE,FALSE,FALSE,neutral,NA,FALSE,NA,https://www.bricklink.com/v2/search.page?q=4261572#T=A
4261572,MINI HEAD NO. 389,51523,Yellow,$0.05,2017,0.04,https://www.bricklink.com/v2/catalog/catalogitem.page?P=51523,"Minifigure, Head Male Smirk, Black Dimple, Pupils, Stubble Beard, Moustache, and Sideburns Pattern - Hollow Stud",FALSE,FALSE,FALSE,FALSE,FALSE,FALSE,neutral,NA,FALSE,NA,https://www.bricklink.com/v2/search.page?q=4261572#T=A
4262093,MINI HEAD NO. 388,51519,Yellow,NA,2015,NA,https://www.bricklink.com/v2/catalog/catalogitem.page?P=51519,"Minifigure, Head Beard with Thick Gray Eyebrows, Angular Beard, Open White Mouth, White Pupils Pattern - Hollow Stud",FALSE,FALSE,FALSE,FALSE,FALSE,FALSE,neutral,NA,FALSE,NA,https://www.bricklink.com/v2/search.page?q=4262093#T=A
4262093,MINI HEAD NO. 388,51519,Yellow,NA,2016,NA,https://www.bricklink.com/v2/catalog/catalogitem.page?P=51519,"Minifigure, Head Beard with Thick Gray Eyebrows, Angular Beard, Open White Mouth, White Pupils Pattern - Hollow Stud",FALSE,FALSE,FALSE,FALSE,FALSE,FALSE,neutral,NA,FALSE,NA,https://www.bricklink.com/v2/search.page?q=4262093#T=A
4262093,MINI HEAD NO. 388,51519,Yellow,$0.05,2017,0.04,https://www.bricklink.com/v2/catalog/catalogitem.page?P=51519,"Minifigure, Head Beard with Thick Gray Eyebrows, Angular Beard, Open White Mouth, White Pupils Pattern - Hollow Stud",FALSE,FALSE,FALSE,FALSE,FALSE,FALSE,neutral,NA,FALSE,NA,https://www.bricklink.com/v2/search.page?q=4262093#T=A
4578503,MINI HEAD NO 649,89510,Yellow,NA,2015,NA,https://www.bricklink.com/v2/catalog/catalogitem.page?P=89510,"Minifigure, Head Beard Brown Rounded with White Pupils and Grin Pattern - Hollow Stud",FALSE,FALSE,FALSE,FALSE,FALSE,FALSE,neutral,NA,FALSE,NA,https://www.bricklink.com/v2/search.page?q=4578503#T=A
4578503,MINI HEAD NO 649,89510,Yellow,NA,2016,NA,https://www.bricklink.com/v2/catalog/catalogitem.page?P=89510,"Minifigure, Head Beard Brown Rounded with White Pupils and Grin Pattern - Hollow Stud",FALSE,FALSE,FALSE,FALSE,FALSE,FALSE,neutral,NA,FALSE,NA,https://www.bricklink.com/v2/search.page?q=4578503#T=A
4578503,MINI HEAD NO 649,89510,Yellow,$0.05,2017,0.04,https://www.bricklink.com/v2/catalog/catalogitem.page?P=89510,"Minifigure, Head Beard Brown Rounded with White Pupils and Grin Pattern - Hollow Stud",FALSE,FALSE,FALSE,FALSE,FALSE,FALSE,neutral,NA,FALSE,NA,https://www.bricklink.com/v2/search.page?q=4578503#T=A
4578503,MINI HEAD NO 649,89510,Yellow,$0.06,2018,0.06,https://www.bricklink.com/v2/catalog/catalogitem.page?P=89510,"Minifigure, Head Beard Brown Rounded with White Pupils and Grin Pattern - Hollow Stud",FALSE,FALSE,FALSE,FALSE,FALSE,FALSE,neutral,NA,FALSE,NA,https://www.bricklink.com/v2/search.page?q=4578503#T=A
4578503,MINI HEAD NO 649,NA,Yellow,NA,2019,NA,https://www.bricklink.com/v2/catalog/catalogitem.page?P=NA,"Minifigure, Head Beard Brown Rounded with White Pupils and Grin Pattern - Hollow Stud",FALSE,FALSE,FALSE,FALSE,FALSE,FALSE,neutral,NA,FALSE,NA,https://www.bricklink.com/v2/search.page?q=4578503#T=A
4578503,MINI HEAD NO 649,NA,Yellow,NA,2020,NA,https://www.bricklink.com/v2/catalog/catalogitem.page?P=NA,"Minifigure, Head Beard Brown Rounded with White Pupils and Grin Pattern - Hollow Stud",FALSE,FALSE,FALSE,FALSE,FALSE,FALSE,neutral,NA,FALSE,NA,https://www.bricklink.com/v2/search.page?q=4578503#T=A
4611426,"MINI HEAD ""NO. 745""",93619,Yellow,NA,2015,NA,https://www.bricklink.com/v2/catalog/catalogitem.page?P=93619,"Minifigure, Head Male Raised Bushy Eyebrows, White Pupils, Chin Dimple Pattern - Hollow Stud",FALSE,FALSE,FALSE,FALSE,FALSE,FALSE,neutral,NA,FALSE,NA,https://www.bricklink.com/v2/search.page?q=4611426#T=A
4611426,"MINI HEAD ""NO. 745""",93619,Yellow,NA,2016,NA,https://www.bricklink.com/v2/catalog/catalogitem.page?P=93619,"Minifigure, Head Male Raised Bushy Eyebrows, White Pupils, Chin Dimple Pattern - Hollow Stud",FALSE,FALSE,FALSE,FALSE,FALSE,FALSE,neutral,NA,FALSE,NA,https://www.bricklink.com/v2/search.page?q=4611426#T=A
4611426,"MINI HEAD ""NO. 745""",93619,Yellow,$0.05,2017,0.04,https://www.bricklink.com/v2/catalog/catalogitem.page?P=93619,"Minifigure, Head Male Raised Bushy Eyebrows, White Pupils, Chin Dimple Pattern - Hollow Stud",FALSE,FALSE,FALSE,FALSE,FALSE,FALSE,neutral,NA,FALSE,NA,https://www.bricklink.com/v2/search.page?q=4611426#T=A
4611426,"MINI HEAD ""NO. 745""",93619,Yellow,$0.06,2018,0.06,https://www.bricklink.com/v2/catalog/catalogitem.page?P=93619,"Minifigure, Head Male Raised Bushy Eyebrows, White Pupils, Chin Dimple Pattern - Hollow Stud",FALSE,FALSE,FALSE,FALSE,FALSE,FALSE,neutral,NA,FALSE,NA,https://www.bricklink.com/v2/search.page?q=4611426#T=A
4611426,"MINI HEAD ""NO. 745""",NA,Yellow,NA,2019,NA,https://www.bricklink.com/v2/catalog/catalogitem.page?P=NA,"Minifigure, Head Male Raised Bushy Eyebrows, White Pupils, Chin Dimple Pattern - Hollow Stud",FALSE,FALSE,FALSE,FALSE,FALSE,FALSE,neutral,NA,FALSE,NA,https://www.bricklink.com/v2/search.page?q=4611426#T=A
4611429,"MINI HEAD ""NO. 747""",93621,Yellow,NA,2015,NA,https://www.bricklink.com/v2/catalog/catalogitem.page?P=93621,"Minifigure, Head Male Stern Black Eyebrows, White Pupils, Thin Line Mouth Pattern - Hollow Stud",FALSE,FALSE,FALSE,FALSE,FALSE,FALSE,neutral,NA,FALSE,NA,https://www.bricklink.com/v2/search.page?q=4611429#T=A
4652361,"MINI HEAD ""NO. 914""",99810,Yellow,NA,2015,NA,https://www.bricklink.com/v2/catalog/catalogitem.page?P=99810,"Minifigure, Head Glasses with Orange Sunglasses with Nose Piece, Open Mouth Smile, Chin Dimple Pattern - Hollow Stud",FALSE,FALSE,FALSE,FALSE,FALSE,FALSE,neutral,NA,FALSE,NA,https://www.bricklink.com/v2/search.page?q=4652361#T=A
4652361,"MINI HEAD ""NO. 914""",99810,Yellow,NA,2016,NA,https://www.bricklink.com/v2/catalog/catalogitem.page?P=99810,"Minifigure, Head Glasses with Orange Sunglasses with Nose Piece, Open Mouth Smile, Chin Dimple Pattern - Hollow Stud",FALSE,FALSE,FALSE,FALSE,FALSE,FALSE,neutral,NA,FALSE,NA,https://www.bricklink.com/v2/search.page?q=4652361#T=A
4652361,"MINI HEAD ""NO. 914""",99810,Yellow,$0.05,2017,0.04,https://www.bricklink.com/v2/catalog/catalogitem.page?P=99810,"Minifigure, Head Glasses with Orange Sunglasses with Nose Piece, Open Mouth Smile, Chin Dimple Pattern - Hollow Stud",FALSE,FALSE,FALSE,FALSE,FALSE,FALSE,neutral,NA,FALSE,NA,https://www.bricklink.com/v2/search.page?q=4652361#T=A
4652361,"MINI HEAD ""NO. 914""",99810,Yellow,$0.06,2018,0.06,https://www.bricklink.com/v2/catalog/catalogitem.page?P=99810,"Minifigure, Head Glasses with Orange Sunglasses with Nose Piece, Open Mouth Smile, Chin Dimple Pattern - Hollow Stud",FALSE,FALSE,FALSE,FALSE,FALSE,FALSE,neutral,NA,FALSE,NA,https://www.bricklink.com/v2/search.page?q=4652361#T=A
4652361,"MINI HEAD ""NO. 914""",NA,Yellow,NA,2019,NA,https://www.bricklink.com/v2/catalog/catalogitem.page?P=NA,"Minifigure, Head Glasses with Orange Sunglasses with Nose Piece, Open Mouth Smile, Chin Dimple Pattern - Hollow Stud",FALSE,FALSE,FALSE,FALSE,FALSE,FALSE,neutral,NA,FALSE,NA,https://www.bricklink.com/v2/search.page?q=4652361#T=A
4652361,"MINI HEAD ""NO. 914""",NA,Yellow,NA,2020,NA,https://www.bricklink.com/v2/catalog/catalogitem.page?P=NA,"Minifigure, Head Glasses with Orange Sunglasses with Nose Piece, Open Mouth Smile, Chin Dimple Pattern - Hollow Stud",FALSE,FALSE,FALSE,FALSE,FALSE,FALSE,neutral,NA,FALSE,NA,https://www.bricklink.com/v2/search.page?q=4652361#T=A
4656483,"MINI HEAD  ""NO. 929""",74305,Yellow,NA,2015,NA,https://www.bricklink.com/v2/catalog/catalogitem.page?P=74305,"Minifigure, Head Moustache Mutton Chops, Dark Orange Sideburns, Bushy Eyebrows, Goatee, White Pupils Pattern - Hollow Stud",FALSE,FALSE,FALSE,FALSE,FALSE,FALSE,neutral,NA,FALSE,NA,https://www.bricklink.com/v2/search.page?q=4656483#T=A
4656483,"MINI HEAD  ""NO. 929""",74305,Yellow,NA,2016,NA,https://www.bricklink.com/v2/catalog/catalogitem.page?P=74305,"Minifigure, Head Moustache Mutton Chops, Dark Orange Sideburns, Bushy Eyebrows, Goatee, White Pupils Pattern - Hollow Stud",FALSE,FALSE,FALSE,FALSE,FALSE,FALSE,neutral,NA,FALSE,NA,https://www.bricklink.com/v2/search.page?q=4656483#T=A
4656483,"MINI HEAD ""NO. 929""",74305,Yellow,$0.05,2017,0.04,https://www.bricklink.com/v2/catalog/catalogitem.page?P=74305,"Minifigure, Head Moustache Mutton Chops, Dark Orange Sideburns, Bushy Eyebrows, Goatee, White Pupils Pattern - Hollow Stud",FALSE,FALSE,FALSE,FALSE,FALSE,FALSE,neutral,NA,FALSE,NA,https://www.bricklink.com/v2/search.page?q=4656483#T=A
4657964,"MINI HEAD  ""NO.933""",74681,Yellow,NA,2015,NA,https://www.bricklink.com/v2/catalog/catalogitem.page?P=74681,"Minifigure, Head Beard Stubble, Black Raised Right Eyebrow, White Pupils Pattern - Hollow Stud",FALSE,FALSE,FALSE,FALSE,FALSE,FALSE,neutral,NA,FALSE,NA,https://www.bricklink.com/v2/search.page?q=4657964#T=A
4657964,"MINI HEAD  ""NO.933""",74681,Yellow,NA,2016,NA,https://www.bricklink.com/v2/catalog/catalogitem.page?P=74681,"Minifigure, Head Beard Stubble, Black Raised Right Eyebrow, White Pupils Pattern - Hollow Stud",FALSE,FALSE,FALSE,FALSE,FALSE,FALSE,neutral,NA,FALSE,NA,https://www.bricklink.com/v2/search.page?q=4657964#T=A
4657964,"MINI HEAD ""NO.933""",74681,Yellow,$0.05,2017,0.04,https://www.bricklink.com/v2/catalog/catalogitem.page?P=74681,"Minifigure, Head Beard Stubble, Black Raised Right Eyebrow, White Pupils Pattern - Hollow Stud",FALSE,FALSE,FALSE,FALSE,FALSE,FALSE,neutral,NA,FALSE,NA,https://www.bricklink.com/v2/search.page?q=4657964#T=A
6015955,"MINI HEAD ""NO. 1070""",11501,Light Nougat,NA,2015,NA,https://www.bricklink.com/v2/catalog/catalogitem.page?P=11501,"Minifigure, Head Dual Sided Bushy Orange Eyebrows, Cheek Lines, Frown / Angry Pattern (Aquaman) - Hollow Stud",FALSE,FALSE,FALSE,FALSE,FALSE,FALSE,neutral,NA,FALSE,NA,https://www.bricklink.com/v2/search.page?q=6015955#T=A
6021851,"MINI HEAD ""NO 1145""",12814,Yellow,NA,2015,NA,https://www.bricklink.com/v2/catalog/catalogitem.page?P=12814,"Minifigure, Head Male Black Eye Mask Black with Eye Holes and Thin Moustache Pattern - Hollow Stud",FALSE,FALSE,FALSE,FALSE,FALSE,FALSE,neutral,NA,FALSE,NA,https://www.bricklink.com/v2/search.page?q=6021851#T=A
6021851,"MINI HEAD ""NO 1145""",12814,Yellow,NA,2016,NA,https://www.bricklink.com/v2/catalog/catalogitem.page?P=12814,"Minifigure, Head Male Black Eye Mask Black with Eye Holes and Thin Moustache Pattern - Hollow Stud",FALSE,FALSE,FALSE,FALSE,FALSE,FALSE,neutral,NA,FALSE,NA,https://www.bricklink.com/v2/search.page?q=6021851#T=A
6021851,"MINI HEAD ""NO 1145""",12814,Yellow,$0.05,2017,0.04,https://www.bricklink.com/v2/catalog/catalogitem.page?P=12814,"Minifigure, Head Male Black Eye Mask Black with Eye Holes and Thin Moustache Pattern - Hollow Stud",FALSE,FALSE,FALSE,FALSE,FALSE,FALSE,neutral,NA,FALSE,NA,https://www.bricklink.com/v2/search.page?q=6021851#T=A
6021851,"MINI HEAD ""NO 1145""",12814,Yellow,$0.06,2018,0.06,https://www.bricklink.com/v2/catalog/catalogitem.page?P=12814,"Minifigure, Head Male Black Eye Mask Black with Eye Holes and Thin Moustache Pattern - Hollow Stud",FALSE,FALSE,FALSE,FALSE,FALSE,FALSE,neutral,NA,FALSE,NA,https://www.bricklink.com/v2/search.page?q=6021851#T=A
6029773,"MINI HEAD ""NO 1162""",13455,Yellow,NA,2015,NA,https://www.bricklink.com/v2/catalog/catalogitem.page?P=13455,"Minifigure, Head Male White and Gray Bushy Eyebrows, Open Mouth Smile Pattern - Hollow Stud",FALSE,FALSE,FALSE,FALSE,FALSE,FALSE,neutral,NA,FALSE,NA,https://www.bricklink.com/v2/search.page?q=6029773#T=A
6029773,"MINI HEAD ""NO 1162""",13455,Yellow,NA,2016,NA,https://www.bricklink.com/v2/catalog/catalogitem.page?P=13455,"Minifigure, Head Male White and Gray Bushy Eyebrows, Open Mouth Smile Pattern - Hollow Stud",FALSE,FALSE,FALSE,FALSE,FALSE,FALSE,neutral,NA,FALSE,NA,https://www.bricklink.com/v2/search.page?q=6029773#T=A
6029773,"MINI HEAD ""NO 1162""",13455,Yellow,$0.05,2017,0.04,https://www.bricklink.com/v2/catalog/catalogitem.page?P=13455,"Minifigure, Head Male White and Gray Bushy Eyebrows, Open Mouth Smile Pattern - Hollow Stud",FALSE,FALSE,FALSE,FALSE,FALSE,FALSE,neutral,NA,FALSE,NA,https://www.bricklink.com/v2/search.page?q=6029773#T=A
6029773,"MINI HEAD ""NO 1162""",13455,Yellow,$0.06,2018,0.06,https://www.bricklink.com/v2/catalog/catalogitem.page?P=13455,"Minifigure, Head Male White and Gray Bushy Eyebrows, Open Mouth Smile Pattern - Hollow Stud",FALSE,FALSE,FALSE,FALSE,FALSE,FALSE,neutral,NA,FALSE,NA,https://www.bricklink.com/v2/search.page?q=6029773#T=A
6029773,"MINI HEAD ""NO 1162""",NA,Yellow,NA,2019,NA,https://www.bricklink.com/v2/catalog/catalogitem.page?P=NA,"Minifigure, Head Male White and Gray Bushy Eyebrows, Open Mouth Smile Pattern - Hollow Stud",FALSE,FALSE,FALSE,FALSE,FALSE,FALSE,neutral,NA,FALSE,NA,https://www.bricklink.com/v2/search.page?q=6029773#T=A
6029773,"MINI HEAD ""NO 1162""",NA,Yellow,NA,2020,NA,https://www.bricklink.com/v2/catalog/catalogitem.page?P=NA,"Minifigure, Head Male White and Gray Bushy Eyebrows, Open Mouth Smile Pattern - Hollow Stud",FALSE,FALSE,FALSE,FALSE,FALSE,FALSE,neutral,NA,FALSE,NA,https://www.bricklink.com/v2/search.page?q=6029773#T=A
6038473,"MINI HEAD ""NO. 1226""",14354,Yellow,NA,2015,NA,https://www.bricklink.com/v2/catalog/catalogitem.page?P=14354,"Minifigure, Head Beard Black, Moustache, Arched Eyebrows, White Pupils, Grim Mouth Pattern - Hollow Stud",FALSE,FALSE,FALSE,FALSE,FALSE,FALSE,neutral,NA,FALSE,NA,https://www.bricklink.com/v2/search.page?q=6038473#T=A
6038473,"MINI HEAD ""NO. 1226""",14354,Yellow,NA,2016,NA,https://www.bricklink.com/v2/catalog/catalogitem.page?P=14354,"Minifigure, Head Beard Black, Moustache, Arched Eyebrows, White Pupils, Grim Mouth Pattern - Hollow Stud",FALSE,FALSE,FALSE,FALSE,FALSE,FALSE,neutral,NA,FALSE,NA,https://www.bricklink.com/v2/search.page?q=6038473#T=A
6056368,MINI HEAD NO. 1290,15779,Light Nougat,NA,2015,NA,https://www.bricklink.com/v2/catalog/catalogitem.page?P=15779,"Minifigure, Head Dual Sided Female Brown Eyebrows, Eyelashes, Red Lips, Smile / Angry Pattern (Batgirl) - Hollow Stud",FALSE,FALSE,FALSE,FALSE,FALSE,FALSE,neutral,NA,FALSE,NA,https://www.bricklink.com/v2/search.page?q=6056368#T=A
6057631,"MINI HEAD NO. ""1322""",16199,Light Nougat,$0.09,2017,0.08,https://www.bricklink.com/v2/catalog/catalogitem.page?P=16199,"Minifigure, Head Beard Brown, Bushy Eyebrows, White Pupils, Stern Pattern - Hollow Stud",FALSE,FALSE,FALSE,FALSE,FALSE,FALSE,neutral,NA,FALSE,NA,https://www.bricklink.com/v2/search.page?q=6057631#T=A
6057631,"MINI HEAD NO. ""1322""",16199,Light Nougat,$0.06,2018,0.06,https://www.bricklink.com/v2/catalog/catalogitem.page?P=16199,"Minifigure, Head Beard Brown, Bushy Eyebrows, White Pupils, Stern Pattern - Hollow Stud",FALSE,FALSE,FALSE,FALSE,FALSE,FALSE,neutral,NA,FALSE,NA,https://www.bricklink.com/v2/search.page?q=6057631#T=A
6057688,"MINI HEAD ""NO. 1278""",15715,Yellow,NA,2015,NA,https://www.bricklink.com/v2/catalog/catalogitem.page?P=15715,"Minifigure, Head Male Bushy Gray Eyebrows, Wrinkles, Scowl Pattern (Sensei Garmadon) - Hollow Stud",FALSE,FALSE,FALSE,FALSE,FALSE,FALSE,neutral,NA,FALSE,NA,https://www.bricklink.com/v2/search.page?q=6057688#T=A
6057688,"MINI HEAD ""NO. 1278""",15715,Yellow,NA,2016,NA,https://www.bricklink.com/v2/catalog/catalogitem.page?P=15715,"Minifigure, Head Male Bushy Gray Eyebrows, Wrinkles, Scowl Pattern (Sensei Garmadon) - Hollow Stud",FALSE,FALSE,FALSE,FALSE,FALSE,FALSE,neutral,NA,FALSE,NA,https://www.bricklink.com/v2/search.page?q=6057688#T=A
6057957,"MINI HEAD ""NO. 1365""",16294,Yellow,NA,2015,NA,https://www.bricklink.com/v2/catalog/catalogitem.page?P=16294,"Minifigure, Head Male Stern Black Eyebrows, White Pupils, Frown, Scar Across Left Eye, No Chin Dimple Pattern - Hollow Stud",FALSE,FALSE,FALSE,FALSE,FALSE,FALSE,neutral,NA,FALSE,NA,https://www.bricklink.com/v2/search.page?q=6057957#T=A
6057957,"MINI HEAD ""NO. 1365""",16294,Yellow,NA,2016,NA,https://www.bricklink.com/v2/catalog/catalogitem.page?P=16294,"Minifigure, Head Male Stern Black Eyebrows, White Pupils, Frown, Scar Across Left Eye, No Chin Dimple Pattern - Hollow Stud",FALSE,FALSE,FALSE,FALSE,FALSE,FALSE,neutral,NA,FALSE,NA,https://www.bricklink.com/v2/search.page?q=6057957#T=A
6057957,"MINI HEAD ""NO. 1365""",16294,Yellow,$0.05,2017,0.04,https://www.bricklink.com/v2/catalog/catalogitem.page?P=16294,"Minifigure, Head Male Stern Black Eyebrows, White Pupils, Frown, Scar Across Left Eye, No Chin Dimple Pattern - Hollow Stud",FALSE,FALSE,FALSE,FALSE,FALSE,FALSE,neutral,NA,FALSE,NA,https://www.bricklink.com/v2/search.page?q=6057957#T=A
6057957,"MINI HEAD ""NO. 1365""",16294,Yellow,$0.06,2018,0.06,https://www.bricklink.com/v2/catalog/catalogitem.page?P=16294,"Minifigure, Head Male Stern Black Eyebrows, White Pupils, Frown, Scar Across Left Eye, No Chin Dimple Pattern - Hollow Stud",FALSE,FALSE,FALSE,FALSE,FALSE,FALSE,neutral,NA,FALSE,NA,https://www.bricklink.com/v2/search.page?q=6057957#T=A
6057958,"MINI HEAD ""NO. 1366""",16295,Yellow,NA,2015,NA,https://www.bricklink.com/v2/catalog/catalogitem.page?P=16295,"Minifigure, Head Male Stern Black Eyebrows, White Pupils, Scowl Pattern (Lloyd) - Hollow Stud",FALSE,FALSE,FALSE,FALSE,FALSE,FALSE,neutral,NA,FALSE,NA,https://www.bricklink.com/v2/search.page?q=6057958#T=A
6057958,"MINI HEAD ""NO. 1366""",16295,Yellow,NA,2016,NA,https://www.bricklink.com/v2/catalog/catalogitem.page?P=16295,"Minifigure, Head Male Stern Black Eyebrows, White Pupils, Scowl Pattern (Lloyd) - Hollow Stud",FALSE,FALSE,FALSE,FALSE,FALSE,FALSE,neutral,NA,FALSE,NA,https://www.bricklink.com/v2/search.page?q=6057958#T=A
6057958,"MINI HEAD ""NO. 1366""",16295,Yellow,$0.05,2017,0.04,https://www.bricklink.com/v2/catalog/catalogitem.page?P=16295,"Minifigure, Head Male Stern Black Eyebrows, White Pupils, Scowl Pattern (Lloyd) - Hollow Stud",FALSE,FALSE,FALSE,FALSE,FALSE,FALSE,neutral,NA,FALSE,NA,https://www.bricklink.com/v2/search.page?q=6057958#T=A
6057958,"MINI HEAD ""NO. 1366""",16295,Yellow,$0.06,2018,0.06,https://www.bricklink.com/v2/catalog/catalogitem.page?P=16295,"Minifigure, Head Male Stern Black Eyebrows, White Pupils, Scowl Pattern (Lloyd) - Hollow Stud",FALSE,FALSE,FALSE,FALSE,FALSE,FALSE,neutral,NA,FALSE,NA,https://www.bricklink.com/v2/search.page?q=6057958#T=A
6057982,"MINI HEAD ""NO. 1367""",16298,Yellow,NA,2015,NA,https://www.bricklink.com/v2/catalog/catalogitem.page?P=16298,"Minifigure, Head Male Stern Eyebrows (one Scarred), White Pupils, Brown Chin Dimple Pattern - Hollow Stud",FALSE,FALSE,FALSE,FALSE,FALSE,FALSE,neutral,NA,FALSE,NA,https://www.bricklink.com/v2/search.page?q=6057982#T=A
6057982,"MINI HEAD ""NO. 1367""",16298,Yellow,NA,2016,NA,https://www.bricklink.com/v2/catalog/catalogitem.page?P=16298,"Minifigure, Head Male Stern Eyebrows (one Scarred), White Pupils, Brown Chin Dimple Pattern - Hollow Stud",FALSE,FALSE,FALSE,FALSE,FALSE,FALSE,neutral,NA,FALSE,NA,https://www.bricklink.com/v2/search.page?q=6057982#T=A
6057982,"MINI HEAD ""NO. 1367""",16298,Yellow,$0.05,2017,0.04,https://www.bricklink.com/v2/catalog/catalogitem.page?P=16298,"Minifigure, Head Male Stern Eyebrows (one Scarred), White Pupils, Brown Chin Dimple Pattern - Hollow Stud",FALSE,FALSE,FALSE,FALSE,FALSE,FALSE,neutral,NA,FALSE,NA,https://www.bricklink.com/v2/search.page?q=6057982#T=A
6057982,"MINI HEAD ""NO. 1367""",16298,Yellow,$0.06,2018,0.06,https://www.bricklink.com/v2/catalog/catalogitem.page?P=16298,"Minifigure, Head Male Stern Eyebrows (one Scarred), White Pupils, Brown Chin Dimple Pattern - Hollow Stud",FALSE,FALSE,FALSE,FALSE,FALSE,FALSE,neutral,NA,FALSE,NA,https://www.bricklink.com/v2/search.page?q=6057982#T=A
6065553,MINI HEAD NO. 1385,17052,Reddish Brown,NA,2015,NA,https://www.bricklink.com/v2/catalog/catalogitem.page?P=17052,"Minifigure, Head Glasses with Black and Silver Sunglasses, Crooked Smile, Cheek Lines Pattern (Power Man) - Hollow Stud",FALSE,FALSE,FALSE,FALSE,FALSE,FALSE,neutral,NA,FALSE,NA,https://www.bricklink.com/v2/search.page?q=6065553#T=A
6068052,"MINI HEAD ""NO.1395""",17185,Yellow,NA,2015,NA,https://www.bricklink.com/v2/catalog/catalogitem.page?P=17185,"Minifigure, Head Glasses with Orange Goggles and Open Smile Pattern - Hollow Stud",FALSE,FALSE,FALSE,FALSE,FALSE,FALSE,neutral,NA,FALSE,NA,https://www.bricklink.com/v2/search.page?q=6068052#T=A
6068052,"MINI HEAD ""NO.1395""",17185,Yellow,NA,2016,NA,https://www.bricklink.com/v2/catalog/catalogitem.page?P=17185,"Minifigure, Head Glasses with Orange Goggles and Open Smile Pattern - Hollow Stud",FALSE,FALSE,FALSE,FALSE,FALSE,FALSE,neutral,NA,FALSE,NA,https://www.bricklink.com/v2/search.page?q=6068052#T=A
6071631,"MINI HEAD ""NO 1410""",17465,Yellow,NA,2015,NA,https://www.bricklink.com/v2/catalog/catalogitem.page?P=17465,"Minifigure, Head Glasses with Green Goggles and Brown Stubble Pattern - Hollow Stud",FALSE,FALSE,FALSE,FALSE,FALSE,FALSE,neutral,NA,FALSE,NA,https://www.bricklink.com/v2/search.page?q=6071631#T=A
6073030,"MINI HEAD ""NO 1420""",17508,Yellow,NA,2015,NA,https://www.bricklink.com/v2/catalog/catalogitem.page?P=17508,"Minifigure, Head Female Glasses with Orange Goggles and Buff Lips Pattern - Hollow Stud",FALSE,FALSE,FALSE,FALSE,FALSE,FALSE,neutral,NA,FALSE,NA,https://www.bricklink.com/v2/search.page?q=6073030#T=A
6075251,"MINI HEAD ""NO. 1436""",17729,Yellow,NA,2015,NA,https://www.bricklink.com/v2/catalog/catalogitem.page?P=17729,"Minifigure, Head Moustache Black Bangs, Striped Sideburns Pattern - Hollow Stud",FALSE,FALSE,FALSE,FALSE,FALSE,FALSE,neutral,NA,FALSE,NA,https://www.bricklink.com/v2/search.page?q=6075251#T=A
6076154,"MINI HEAD ""NO 1440""",17803,Yellow,NA,2015,NA,https://www.bricklink.com/v2/catalog/catalogitem.page?P=17803,"Minifigure, Head Glasses Rectangular, Black and Brown Beard and Moustache, Bushy Eyebrows, Smile with Teeth Pattern - Hollow Stud",FALSE,FALSE,FALSE,FALSE,FALSE,FALSE,neutral,NA,FALSE,NA,https://www.bricklink.com/v2/search.page?q=6076154#T=A
6079751,"MINI HEAD ""NO.1489""",18198,Yellow,NA,2015,NA,https://www.bricklink.com/v2/catalog/catalogitem.page?P=18198,"Minifigure, Head Dual Sided Dark Orange Eyebrows, Crooked Smile with Teeth / Determined, Closed Mouth Pattern - Hollow Stud",FALSE,FALSE,FALSE,FALSE,FALSE,FALSE,neutral,NA,FALSE,NA,https://www.bricklink.com/v2/search.page?q=6079751#T=A
6079751,"MINI HEAD ""NO.1489""",18198,Yellow,NA,2016,NA,https://www.bricklink.com/v2/catalog/catalogitem.page?P=18198,"Minifigure, Head Dual Sided Dark Orange Eyebrows, Crooked Smile with Teeth / Determined, Closed Mouth Pattern - Hollow Stud",FALSE,FALSE,FALSE,FALSE,FALSE,FALSE,neutral,NA,FALSE,NA,https://www.bricklink.com/v2/search.page?q=6079751#T=A
6079751,"MINI HEAD ""NO.1489""",18198,Yellow,$0.05,2017,0.04,https://www.bricklink.com/v2/catalog/catalogitem.page?P=18198,"Minifigure, Head Dual Sided Dark Orange Eyebrows, Crooked Smile with Teeth / Determined, Closed Mouth Pattern - Hollow Stud",FALSE,FALSE,FALSE,FALSE,FALSE,FALSE,neutral,NA,FALSE,NA,https://www.bricklink.com/v2/search.page?q=6079751#T=A
6079753,"MINI HEAD ""NO. 1490""",18199,Yellow,NA,2015,NA,https://www.bricklink.com/v2/catalog/catalogitem.page?P=18199,"Minifigure, Head Dual Sided Beard Stubble, Black Eyebrows, Determined, Open Mouth / Mouth Closed, Scar on Right Eyebrow Pattern - Hollow Stud",FALSE,FALSE,FALSE,FALSE,FALSE,FALSE,neutral,NA,FALSE,NA,https://www.bricklink.com/v2/search.page?q=6079753#T=A
6081298,"MINI HEAD ""NO.1500""",18292,Yellow,NA,2015,NA,https://www.bricklink.com/v2/catalog/catalogitem.page?P=18292,"Minifigure, Head Dual Sided Female Black Eyelashes and Eyebrows, Lime Splotches, Smirk / Green Eye Shadow and Lips, Teeth Pattern - Hollow Stud",FALSE,FALSE,FALSE,FALSE,FALSE,FALSE,neutral,NA,FALSE,NA,https://www.bricklink.com/v2/search.page?q=6081298#T=A
6081329,"MINI HEAD ""N0.1502""",18296,Yellow,NA,2015,NA,https://www.bricklink.com/v2/catalog/catalogitem.page?P=18296,"Minifigure, Head Dual Sided Female Digital Eye Glasses, Pink Lips, Smirk / Visor Open Pattern (Caila Phoenix) - Hollow Stud",FALSE,FALSE,FALSE,FALSE,FALSE,FALSE,neutral,NA,FALSE,NA,https://www.bricklink.com/v2/search.page?q=6081329#T=A
6081335,"MINI HEAD ""NO.1501""",18299,Yellow,NA,2015,NA,https://www.bricklink.com/v2/catalog/catalogitem.page?P=18299,"Minifigure, Head Dual Sided Bushy Eyebrows, Red Right Eye, Silver Eye Patch Left Eye / Silver Mask, Red Eye and Black Eye Pattern - Hollow Stud",FALSE,FALSE,FALSE,FALSE,FALSE,FALSE,neutral,NA,FALSE,NA,https://www.bricklink.com/v2/search.page?q=6081335#T=A
6081345,"MINI HEAD ""NO.1503""",18302,Yellow,NA,2015,NA,https://www.bricklink.com/v2/catalog/catalogitem.page?P=18302,"Minifigure, Head Dual Sided Digital Eye Glass over Left Eye, Smirk / Determined Pattern (Curtis Bolt) - Hollow Stud",FALSE,FALSE,FALSE,FALSE,FALSE,FALSE,neutral,NA,FALSE,NA,https://www.bricklink.com/v2/search.page?q=6081345#T=A
6081401,"MINI HEAD ""NO.1504""",18304,Yellow,NA,2015,NA,https://www.bricklink.com/v2/catalog/catalogitem.page?P=18304,"Minifigure, Head Dual Sided Female Red Lips, Goggles, Closed Mouth / Open Mouth Smile Pattern (Christina Hydron) - Hollow Stud",FALSE,FALSE,FALSE,FALSE,FALSE,FALSE,neutral,NA,FALSE,NA,https://www.bricklink.com/v2/search.page?q=6081401#T=A
6081406,"MINI HEAD ""NO.1505""",18307,Yellow,NA,2015,NA,https://www.bricklink.com/v2/catalog/catalogitem.page?P=18307,"Minifigure, Head Male with Dark Green Pixelated Visor, Sideburns and Wide Grin with Teeth Pattern (Terabyte) - Hollow Stud",FALSE,FALSE,FALSE,FALSE,FALSE,FALSE,neutral,NA,FALSE,NA,https://www.bricklink.com/v2/search.page?q=6081406#T=A
6081908,"MINI HEAD ""NO. 1508""",18339,Yellow,NA,2015,NA,https://www.bricklink.com/v2/catalog/catalogitem.page?P=18339,"Minifigure, Head Dual Sided Light Bluish Gray Beard Stubble, Moustache, Eyebrows, Scar, Determined / Smirk Pattern (Solomon Blaze) - Hollow Stud",FALSE,FALSE,FALSE,FALSE,FALSE,FALSE,neutral,NA,FALSE,NA,https://www.bricklink.com/v2/search.page?q=6081908#T=A
6092676,"MINI HEAD ""NO 1537""",18886,Yellow,NA,2015,NA,https://www.bricklink.com/v2/catalog/catalogitem.page?P=18886,"Minifigure, Head Dark Brown Eyebrows, Crooked Smile and Laugh Lines Pattern - Hollow Stud",FALSE,FALSE,FALSE,FALSE,FALSE,FALSE,neutral,NA,FALSE,NA,https://www.bricklink.com/v2/search.page?q=6092676#T=A
6092676,"MINI HEAD ""NO 1537""",18886,Yellow,$0.05,2017,0.04,https://www.bricklink.com/v2/catalog/catalogitem.page?P=18886,"Minifigure, Head Dark Brown Eyebrows, Crooked Smile and Laugh Lines Pattern - Hollow Stud",FALSE,FALSE,FALSE,FALSE,FALSE,FALSE,neutral,NA,FALSE,NA,https://www.bricklink.com/v2/search.page?q=6092676#T=A
6092676,"MINI HEAD ""NO 1537""",18886,Yellow,$0.06,2018,0.06,https://www.bricklink.com/v2/catalog/catalogitem.page?P=18886,"Minifigure, Head Dark Brown Eyebrows, Crooked Smile and Laugh Lines Pattern - Hollow Stud",FALSE,FALSE,FALSE,FALSE,FALSE,FALSE,neutral,NA,FALSE,NA,https://www.bricklink.com/v2/search.page?q=6092676#T=A
6092676,"MINI HEAD ""NO 1537""",NA,Yellow,NA,2019,NA,https://www.bricklink.com/v2/catalog/catalogitem.page?P=NA,"Minifigure, Head Dark Brown Eyebrows, Crooked Smile and Laugh Lines Pattern - Hollow Stud",FALSE,FALSE,FALSE,FALSE,FALSE,FALSE,neutral,NA,FALSE,NA,https://www.bricklink.com/v2/search.page?q=6092676#T=A
6097791,"MINI HEAD ""NO. 1567""",19296,Yellow,NA,2016,NA,https://www.bricklink.com/v2/catalog/catalogitem.page?P=19296,"Minifigure, Head Black Eyebrows, Red Eyes, Purple Tattoo, Fang Pattern - Hollow Stud",FALSE,FALSE,FALSE,FALSE,FALSE,FALSE,neutral,NA,FALSE,NA,https://www.bricklink.com/v2/search.page?q=6097791#T=A
6097794,"MINI HEAD ""NO. 1569""",19298,Yellow,NA,2016,NA,https://www.bricklink.com/v2/catalog/catalogitem.page?P=19298,"Minifigure, Head Dual Sided Female Dark Red Eyebrows, Dark Tan Lips, Smile / Bright Light Orange Mask, White Eyes, Open Mouth Pattern - Hollow Stud",FALSE,FALSE,FALSE,FALSE,FALSE,FALSE,neutral,NA,FALSE,NA,https://www.bricklink.com/v2/search.page?q=6097794#T=A
6097796,"MINI HEAD ""NO. 1571""",19300,Yellow,NA,2016,NA,https://www.bricklink.com/v2/catalog/catalogitem.page?P=19300,"Minifigure, Head Dual Sided Female Black Eyebrows, Eyelashes, Brown Lips / Green and Gold Robot, Red Eyes and Eyebrows Pattern - Hollow Stud",FALSE,FALSE,FALSE,FALSE,FALSE,FALSE,neutral,NA,FALSE,NA,https://www.bricklink.com/v2/search.page?q=6097796#T=A
6097796,"MINI HEAD ""NO. 1571""",19300,Yellow,$0.05,2017,0.04,https://www.bricklink.com/v2/catalog/catalogitem.page?P=19300,"Minifigure, Head Dual Sided Female Black Eyebrows, Eyelashes, Brown Lips / Green and Gold Robot, Red Eyes and Eyebrows Pattern - Hollow Stud",FALSE,FALSE,FALSE,FALSE,FALSE,FALSE,neutral,NA,FALSE,NA,https://www.bricklink.com/v2/search.page?q=6097796#T=A
6097798,"MINI HEAD ""NO. 1573""",19302,Yellow,NA,2016,NA,https://www.bricklink.com/v2/catalog/catalogitem.page?P=19302,"Minifigure, Head Black Bushy Eyebrows, Red Eyes, Moustache and Goatee, Sideburns, Wrinkles Pattern - Hollow Stud",FALSE,FALSE,FALSE,FALSE,FALSE,FALSE,neutral,NA,FALSE,NA,https://www.bricklink.com/v2/search.page?q=6097798#T=A
6097798,"MINI HEAD ""NO. 1573""",19302,Yellow,$0.05,2017,0.04,https://www.bricklink.com/v2/catalog/catalogitem.page?P=19302,"Minifigure, Head Black Bushy Eyebrows, Red Eyes, Moustache and Goatee, Sideburns, Wrinkles Pattern - Hollow Stud",FALSE,FALSE,FALSE,FALSE,FALSE,FALSE,neutral,NA,FALSE,NA,https://www.bricklink.com/v2/search.page?q=6097798#T=A
6097799,"MINI HEAD ""NO. 1574""",19304,Yellow,NA,2016,NA,https://www.bricklink.com/v2/catalog/catalogitem.page?P=19304,"Minifigure, Head Black Eyebrows, Dark Red Eyes, Dark Purple Tattoo, Evil Smile Pattern - Hollow Stud",FALSE,FALSE,FALSE,FALSE,FALSE,FALSE,neutral,NA,FALSE,NA,https://www.bricklink.com/v2/search.page?q=6097799#T=A
6099703,"MINI HEAD ""NO 1561""",19439,Yellow,NA,2016,NA,https://www.bricklink.com/v2/catalog/catalogitem.page?P=19439,"Minifigure, Head Beard Black Stubble and Moustache, Eye Patch, Crow's Feet, Bared Teeth Pattern - Hollow Stud",FALSE,FALSE,FALSE,FALSE,FALSE,FALSE,neutral,NA,FALSE,NA,https://www.bricklink.com/v2/search.page?q=6099703#T=A
6099703,"MINI HEAD ""NO 1561""",19439,Yellow,$0.05,2017,0.04,https://www.bricklink.com/v2/catalog/catalogitem.page?P=19439,"Minifigure, Head Beard Black Stubble and Moustache, Eye Patch, Crow's Feet, Bared Teeth Pattern - Hollow Stud",FALSE,FALSE,FALSE,FALSE,FALSE,FALSE,neutral,NA,FALSE,NA,https://www.bricklink.com/v2/search.page?q=6099703#T=A
6100032,"MINI HEAD ""NO. 1560""",19516,Yellow,NA,2016,NA,https://www.bricklink.com/v2/catalog/catalogitem.page?P=19516,"Minifigure, Head Dual Sided Female with Eye Patch, Smile / Angry Mouth with Teeth Pattern - Hollow Stud",FALSE,FALSE,FALSE,FALSE,FALSE,FALSE,neutral,NA,FALSE,NA,https://www.bricklink.com/v2/search.page?q=6100032#T=A
6100032,"MINI HEAD ""NO. 1560""",19516,Yellow,$0.05,2017,0.04,https://www.bricklink.com/v2/catalog/catalogitem.page?P=19516,"Minifigure, Head Dual Sided Female with Eye Patch, Smile / Angry Mouth with Teeth Pattern - Hollow Stud",FALSE,FALSE,FALSE,FALSE,FALSE,FALSE,neutral,NA,FALSE,NA,https://www.bricklink.com/v2/search.page?q=6100032#T=A
6100238,"MINI HEAD ""NO. 1581""",19547,Yellow,NA,2015,NA,https://www.bricklink.com/v2/catalog/catalogitem.page?P=19547,"Minifigure, Head Moustache Mutton Chops with Dark Tan and Gray Sideburns, Dark Tan and Gray Eyebrows, Pupils Pattern - Hollow Stud",FALSE,FALSE,FALSE,FALSE,FALSE,FALSE,neutral,NA,FALSE,NA,https://www.bricklink.com/v2/search.page?q=6100238#T=A
6100238,"MINI HEAD ""NO. 1581""",19547,Yellow,NA,2016,NA,https://www.bricklink.com/v2/catalog/catalogitem.page?P=19547,"Minifigure, Head Moustache Mutton Chops with Dark Tan and Gray Sideburns, Dark Tan and Gray Eyebrows, Pupils Pattern - Hollow Stud",FALSE,FALSE,FALSE,FALSE,FALSE,FALSE,neutral,NA,FALSE,NA,https://www.bricklink.com/v2/search.page?q=6100238#T=A
6100238,"MINI HEAD ""NO. 1581""",19547,Yellow,$0.05,2017,0.04,https://www.bricklink.com/v2/catalog/catalogitem.page?P=19547,"Minifigure, Head Moustache Mutton Chops with Dark Tan and Gray Sideburns, Dark Tan and Gray Eyebrows, Pupils Pattern - Hollow Stud",FALSE,FALSE,FALSE,FALSE,FALSE,FALSE,neutral,NA,FALSE,NA,https://www.bricklink.com/v2/search.page?q=6100238#T=A
6100238,"MINI HEAD ""NO. 1581""",19547,Yellow,$0.06,2018,0.06,https://www.bricklink.com/v2/catalog/catalogitem.page?P=19547,"Minifigure, Head Moustache Mutton Chops with Dark Tan and Gray Sideburns, Dark Tan and Gray Eyebrows, Pupils Pattern - Hollow Stud",FALSE,FALSE,FALSE,FALSE,FALSE,FALSE,neutral,NA,FALSE,NA,https://www.bricklink.com/v2/search.page?q=6100238#T=A
6100238,"MINI HEAD ""NO. 1581""",NA,Yellow,NA,2019,NA,https://www.bricklink.com/v2/catalog/catalogitem.page?P=NA,"Minifigure, Head Moustache Mutton Chops with Dark Tan and Gray Sideburns, Dark Tan and Gray Eyebrows, Pupils Pattern - Hollow Stud",FALSE,FALSE,FALSE,FALSE,FALSE,FALSE,neutral,NA,FALSE,NA,https://www.bricklink.com/v2/search.page?q=6100238#T=A
6103921,"MINI HEAD ""NO. 1623""",20234,Yellow,NA,2016,NA,https://www.bricklink.com/v2/catalog/catalogitem.page?P=20234,"Minifigure, Head Dark Orange Eyebrows and Beard, Broken Tooth, Determined Grin, Pupils Pattern - Hollow Stud",FALSE,FALSE,FALSE,FALSE,FALSE,FALSE,neutral,NA,FALSE,NA,https://www.bricklink.com/v2/search.page?q=6103921#T=A
6103921,"MINI HEAD ""NO. 1623""",20234,Yellow,$0.05,2017,0.04,https://www.bricklink.com/v2/catalog/catalogitem.page?P=20234,"Minifigure, Head Dark Orange Eyebrows and Beard, Broken Tooth, Determined Grin, Pupils Pattern - Hollow Stud",FALSE,FALSE,FALSE,FALSE,FALSE,FALSE,neutral,NA,FALSE,NA,https://www.bricklink.com/v2/search.page?q=6103921#T=A
6103921,"MINI HEAD ""NO. 1623""",20234,Yellow,$0.06,2018,0.06,https://www.bricklink.com/v2/catalog/catalogitem.page?P=20234,"Minifigure, Head Dark Orange Eyebrows and Beard, Broken Tooth, Determined Grin, Pupils Pattern - Hollow Stud",FALSE,FALSE,FALSE,FALSE,FALSE,FALSE,neutral,NA,FALSE,NA,https://www.bricklink.com/v2/search.page?q=6103921#T=A
6103921,"MINI HEAD ""NO. 1623""",NA,Yellow,NA,2019,NA,https://www.bricklink.com/v2/catalog/catalogitem.page?P=NA,"Minifigure, Head Dark Orange Eyebrows and Beard, Broken Tooth, Determined Grin, Pupils Pattern - Hollow Stud",FALSE,FALSE,FALSE,FALSE,FALSE,FALSE,neutral,NA,FALSE,NA,https://www.bricklink.com/v2/search.page?q=6103921#T=A
6107469,"MINI HEAD ""NO. 1642""",20619,Yellow,NA,2016,NA,https://www.bricklink.com/v2/catalog/catalogitem.page?P=20619,"Minifigure, Head White Moustache, Goatee and Eyebrows, Brown Forehead and Cheek Lines, Slight Smile Pattern - Hollow Stud",FALSE,FALSE,FALSE,FALSE,FALSE,FALSE,neutral,NA,FALSE,NA,https://www.bricklink.com/v2/search.page?q=6107469#T=A
6107469,"MINI HEAD ""NO. 1642""",20619,Yellow,$0.05,2017,0.04,https://www.bricklink.com/v2/catalog/catalogitem.page?P=20619,"Minifigure, Head White Moustache, Goatee and Eyebrows, Brown Forehead and Cheek Lines, Slight Smile Pattern - Hollow Stud",FALSE,FALSE,FALSE,FALSE,FALSE,FALSE,neutral,NA,FALSE,NA,https://www.bricklink.com/v2/search.page?q=6107469#T=A
6107469,"MINI HEAD ""NO. 1642""",20619,Yellow,$0.06,2018,0.06,https://www.bricklink.com/v2/catalog/catalogitem.page?P=20619,"Minifigure, Head White Moustache, Goatee and Eyebrows, Brown Forehead and Cheek Lines, Slight Smile Pattern - Hollow Stud",FALSE,FALSE,FALSE,FALSE,FALSE,FALSE,neutral,NA,FALSE,NA,https://www.bricklink.com/v2/search.page?q=6107469#T=A
6112623,"MINI HEAD ""NO. 1664""",21024,Yellow,NA,2015,NA,https://www.bricklink.com/v2/catalog/catalogitem.page?P=21024,"Minifigure, Head Glasses with Silver Sunglasses, Black Eyebrows Wavy, Thin Grin Pattern - Hollow Stud",FALSE,FALSE,FALSE,FALSE,FALSE,FALSE,neutral,NA,FALSE,NA,https://www.bricklink.com/v2/search.page?q=6112623#T=A
6112623,"MINI HEAD ""NO. 1664""",21024,Yellow,NA,2016,NA,https://www.bricklink.com/v2/catalog/catalogitem.page?P=21024,"Minifigure, Head Glasses with Silver Sunglasses, Black Eyebrows Wavy, Thin Grin Pattern - Hollow Stud",FALSE,FALSE,FALSE,FALSE,FALSE,FALSE,neutral,NA,FALSE,NA,https://www.bricklink.com/v2/search.page?q=6112623#T=A
6112623,"MINI HEAD ""NO. 1664""",21024,Yellow,$0.05,2017,0.04,https://www.bricklink.com/v2/catalog/catalogitem.page?P=21024,"Minifigure, Head Glasses with Silver Sunglasses, Black Eyebrows Wavy, Thin Grin Pattern - Hollow Stud",FALSE,FALSE,FALSE,FALSE,FALSE,FALSE,neutral,NA,FALSE,NA,https://www.bricklink.com/v2/search.page?q=6112623#T=A
6112623,"MINI HEAD ""NO. 1664""",21024,Yellow,$0.06,2018,0.06,https://www.bricklink.com/v2/catalog/catalogitem.page?P=21024,"Minifigure, Head Glasses with Silver Sunglasses, Black Eyebrows Wavy, Thin Grin Pattern - Hollow Stud",FALSE,FALSE,FALSE,FALSE,FALSE,FALSE,neutral,NA,FALSE,NA,https://www.bricklink.com/v2/search.page?q=6112623#T=A
6112623,"MINI HEAD ""NO. 1664""",NA,Yellow,NA,2019,NA,https://www.bricklink.com/v2/catalog/catalogitem.page?P=NA,"Minifigure, Head Glasses with Silver Sunglasses, Black Eyebrows Wavy, Thin Grin Pattern - Hollow Stud",FALSE,FALSE,FALSE,FALSE,FALSE,FALSE,neutral,NA,FALSE,NA,https://www.bricklink.com/v2/search.page?q=6112623#T=A
6112623,"MINI HEAD ""NO. 1664""",NA,Yellow,NA,2020,NA,https://www.bricklink.com/v2/catalog/catalogitem.page?P=NA,"Minifigure, Head Glasses with Silver Sunglasses, Black Eyebrows Wavy, Thin Grin Pattern - Hollow Stud",FALSE,FALSE,FALSE,FALSE,FALSE,FALSE,neutral,NA,FALSE,NA,https://www.bricklink.com/v2/search.page?q=6112623#T=A
6112633,"MINI HEAD ""NO. 1666""",21027,Yellow,NA,2015,NA,https://www.bricklink.com/v2/catalog/catalogitem.page?P=21027,"Minifigure, Head Female Glasses with Silver Frames, Brown Eyebrows, Eyelashes, Pink Lips, Open Mouth Smile Pattern - Hollow Stud",FALSE,FALSE,FALSE,FALSE,FALSE,FALSE,neutral,NA,FALSE,NA,https://www.bricklink.com/v2/search.page?q=6112633#T=A
6112633,"MINI HEAD ""NO. 1666""",21027,Yellow,NA,2016,NA,https://www.bricklink.com/v2/catalog/catalogitem.page?P=21027,"Minifigure, Head Female Glasses with Silver Frames, Brown Eyebrows, Eyelashes, Pink Lips, Open Mouth Smile Pattern - Hollow Stud",FALSE,FALSE,FALSE,FALSE,FALSE,FALSE,neutral,NA,FALSE,NA,https://www.bricklink.com/v2/search.page?q=6112633#T=A
6112633,"MINI HEAD ""NO. 1666""",21027,Yellow,$0.05,2017,0.04,https://www.bricklink.com/v2/catalog/catalogitem.page?P=21027,"Minifigure, Head Female Glasses with Silver Frames, Brown Eyebrows, Eyelashes, Pink Lips, Open Mouth Smile Pattern - Hollow Stud",FALSE,FALSE,FALSE,FALSE,FALSE,FALSE,neutral,NA,FALSE,NA,https://www.bricklink.com/v2/search.page?q=6112633#T=A
6112633,"MINI HEAD ""NO. 1666""",21027,Yellow,$0.06,2018,0.06,https://www.bricklink.com/v2/catalog/catalogitem.page?P=21027,"Minifigure, Head Female Glasses with Silver Frames, Brown Eyebrows, Eyelashes, Pink Lips, Open Mouth Smile Pattern - Hollow Stud",FALSE,FALSE,FALSE,FALSE,FALSE,FALSE,neutral,NA,FALSE,NA,https://www.bricklink.com/v2/search.page?q=6112633#T=A
6112633,"MINI HEAD ""NO. 1666""",NA,Yellow,NA,2019,NA,https://www.bricklink.com/v2/catalog/catalogitem.page?P=NA,"Minifigure, Head Female Glasses with Silver Frames, Brown Eyebrows, Eyelashes, Pink Lips, Open Mouth Smile Pattern - Hollow Stud",FALSE,FALSE,FALSE,FALSE,FALSE,FALSE,neutral,NA,FALSE,NA,https://www.bricklink.com/v2/search.page?q=6112633#T=A
6112633,"MINI HEAD ""NO. 1666""",NA,Yellow,NA,2020,NA,https://www.bricklink.com/v2/catalog/catalogitem.page?P=NA,"Minifigure, Head Female Glasses with Silver Frames, Brown Eyebrows, Eyelashes, Pink Lips, Open Mouth Smile Pattern - Hollow Stud",FALSE,FALSE,FALSE,FALSE,FALSE,FALSE,neutral,NA,FALSE,NA,https://www.bricklink.com/v2/search.page?q=6112633#T=A
6115836,"MINI HEAD ""NO. 1684""",21339,Yellow,$0.05,2017,0.04,https://www.bricklink.com/v2/catalog/catalogitem.page?P=21339,"Minifigure, Head Rosy Cheeks, Open Mouth, Black Eyebrows Pattern (Caroler) - Hollow Stud",FALSE,FALSE,FALSE,FALSE,FALSE,FALSE,neutral,NA,FALSE,NA,https://www.bricklink.com/v2/search.page?q=6115836#T=A
6115839,"MINI HEAD ""NO. 1685""",21342,Yellow,$0.05,2017,0.04,https://www.bricklink.com/v2/catalog/catalogitem.page?P=21342,"Minifigure, Head Dual Sided Female Rosy Cheeks, Brown Eyebrows, Pink Lips, Open Mouth / Closed Mouth Smile Pattern (Caroler) - Hollow Stud",FALSE,FALSE,FALSE,FALSE,FALSE,FALSE,neutral,NA,FALSE,NA,https://www.bricklink.com/v2/search.page?q=6115839#T=A
6116560,"MINI HEAD ""NO. 1694""",21453,Yellow,NA,2016,NA,https://www.bricklink.com/v2/catalog/catalogitem.page?P=21453,"Minifigure, Head Beard Stubble Dark Red, Reddish Brown Eye Patch with Copper Eyepiece Pattern - Hollow Stud",FALSE,FALSE,FALSE,FALSE,FALSE,FALSE,neutral,NA,FALSE,NA,https://www.bricklink.com/v2/search.page?q=6116560#T=A
6116560,"MINI HEAD ""NO. 1694""",21453,Yellow,$0.05,2017,0.04,https://www.bricklink.com/v2/catalog/catalogitem.page?P=21453,"Minifigure, Head Beard Stubble Dark Red, Reddish Brown Eye Patch with Copper Eyepiece Pattern - Hollow Stud",FALSE,FALSE,FALSE,FALSE,FALSE,FALSE,neutral,NA,FALSE,NA,https://www.bricklink.com/v2/search.page?q=6116560#T=A
6119363,MINI HEAD NO.1712,21818,Medium Nougat,NA,2016,NA,https://www.bricklink.com/v2/catalog/catalogitem.page?P=21818,"Minifigure, Head Dual Sided Black Eyebrows, Stubble Beard, White Pupils, Open Mouth Scared / Crooked Grin, Eyebrow Raised Pattern - Hollow Stud",FALSE,FALSE,FALSE,FALSE,FALSE,FALSE,neutral,NA,FALSE,NA,https://www.bricklink.com/v2/search.page?q=6119363#T=A
6123705,"MINI HEAD ""NO. 1761""",23093,Yellow,NA,2015,NA,https://www.bricklink.com/v2/catalog/catalogitem.page?P=23093,"Minifigure, Head Dual Sided Female Red Lips, Crow's Feet and Beauty Mark, Smile / Annoyed with Short Frown Lines Pattern - Hollow Stud",FALSE,FALSE,FALSE,FALSE,FALSE,FALSE,neutral,NA,FALSE,NA,https://www.bricklink.com/v2/search.page?q=6123705#T=A
6123705,"MINI HEAD ""NO. 1761""",23093,Yellow,NA,2016,NA,https://www.bricklink.com/v2/catalog/catalogitem.page?P=23093,"Minifigure, Head Dual Sided Female Red Lips, Crow's Feet and Beauty Mark, Smile / Annoyed with Short Frown Lines Pattern - Hollow Stud",FALSE,FALSE,FALSE,FALSE,FALSE,FALSE,neutral,NA,FALSE,NA,https://www.bricklink.com/v2/search.page?q=6123705#T=A
6123705,"MINI HEAD ""NO. 1761""",23093,Yellow,$0.05,2017,0.04,https://www.bricklink.com/v2/catalog/catalogitem.page?P=23093,"Minifigure, Head Dual Sided Female Red Lips, Crow's Feet and Beauty Mark, Smile / Annoyed with Short Frown Lines Pattern - Hollow Stud",FALSE,FALSE,FALSE,FALSE,FALSE,FALSE,neutral,NA,FALSE,NA,https://www.bricklink.com/v2/search.page?q=6123705#T=A
6123705,"MINI HEAD ""NO. 1761""",23093,Yellow,$0.06,2018,0.06,https://www.bricklink.com/v2/catalog/catalogitem.page?P=23093,"Minifigure, Head Dual Sided Female Red Lips, Crow's Feet and Beauty Mark, Smile / Annoyed with Short Frown Lines Pattern - Hollow Stud",FALSE,FALSE,FALSE,FALSE,FALSE,FALSE,neutral,NA,FALSE,NA,https://www.bricklink.com/v2/search.page?q=6123705#T=A
6123705,"MINI HEAD ""NO. 1761""",NA,Yellow,NA,2019,NA,https://www.bricklink.com/v2/catalog/catalogitem.page?P=NA,"Minifigure, Head Dual Sided Female Red Lips, Crow's Feet and Beauty Mark, Smile / Annoyed with Short Frown Lines Pattern - Hollow Stud",FALSE,FALSE,FALSE,FALSE,FALSE,FALSE,neutral,NA,FALSE,NA,https://www.bricklink.com/v2/search.page?q=6123705#T=A
6123705,"MINI HEAD ""NO. 1761""",NA,Yellow,NA,2020,NA,https://www.bricklink.com/v2/catalog/catalogitem.page?P=NA,"Minifigure, Head Dual Sided Female Red Lips, Crow's Feet and Beauty Mark, Smile / Annoyed with Short Frown Lines Pattern - Hollow Stud",FALSE,FALSE,FALSE,FALSE,FALSE,FALSE,neutral,NA,FALSE,NA,https://www.bricklink.com/v2/search.page?q=6123705#T=A
6123723,"MINI HEAD ""NO. 1766""",23098,Light Nougat,NA,2015,NA,https://www.bricklink.com/v2/catalog/catalogitem.page?P=23098,"Minifigure, Head Dual Sided Brown Eyebrows, Wrinkles, Calm / Angry, Clenched Teeth Pattern - Hollow Stud",FALSE,FALSE,FALSE,FALSE,FALSE,FALSE,neutral,NA,FALSE,NA,https://www.bricklink.com/v2/search.page?q=6123723#T=A
6123723,"MINI HEAD ""NO. 1766""",23098,Light Nougat,NA,2016,NA,https://www.bricklink.com/v2/catalog/catalogitem.page?P=23098,"Minifigure, Head Dual Sided Brown Eyebrows, Wrinkles, Calm / Angry, Clenched Teeth Pattern - Hollow Stud",FALSE,FALSE,FALSE,FALSE,FALSE,FALSE,neutral,NA,FALSE,NA,https://www.bricklink.com/v2/search.page?q=6123723#T=A
6123723,"MINI HEAD ""NO. 1766""",23098,Light Nougat,$0.06,2017,0.06,https://www.bricklink.com/v2/catalog/catalogitem.page?P=23098,"Minifigure, Head Dual Sided Brown Eyebrows, Wrinkles, Calm / Angry, Clenched Teeth Pattern - Hollow Stud",FALSE,FALSE,FALSE,FALSE,FALSE,FALSE,neutral,NA,FALSE,NA,https://www.bricklink.com/v2/search.page?q=6123723#T=A
6123723,"MINI HEAD ""NO. 1766""",23098,Light Nougat,$0.06,2018,0.06,https://www.bricklink.com/v2/catalog/catalogitem.page?P=23098,"Minifigure, Head Dual Sided Brown Eyebrows, Wrinkles, Calm / Angry, Clenched Teeth Pattern - Hollow Stud",FALSE,FALSE,FALSE,FALSE,FALSE,FALSE,neutral,NA,FALSE,NA,https://www.bricklink.com/v2/search.page?q=6123723#T=A
6124651,"MINI HEAD ""NO. 1777""",23710,Light Nougat,$0.06,2017,0.06,https://www.bricklink.com/v2/catalog/catalogitem.page?P=23710,"Minifigure, Head Dual Sided Female Brown Eyebrows, Eyelashes, Orange Lips, Neutral / Angry Pattern (Chell) - Hollow Stud",FALSE,FALSE,FALSE,FALSE,FALSE,FALSE,neutral,NA,FALSE,NA,https://www.bricklink.com/v2/search.page?q=6124651#T=A
6136754,"MINI HEAD ""NO.1857""",25040,Light Nougat,$0.06,2017,0.06,https://www.bricklink.com/v2/catalog/catalogitem.page?P=25040,"Minifigure, Head Glasses with Crooked Eyeglasses, Brown Eyebrows, Chin Strap Pattern (Ghostbusters Tully) - Hollow Stud",FALSE,FALSE,FALSE,FALSE,FALSE,FALSE,neutral,NA,FALSE,NA,https://www.bricklink.com/v2/search.page?q=6136754#T=A
6142659,MINI HEAD NO.1872,25759,Yellow,$0.05,2017,0.04,https://www.bricklink.com/v2/catalog/catalogitem.page?P=25759,"Minifigure, Head Dual Sided Black Eyebrows (one Scarred), White Pupils, Brown Chin Dimple, Firm Grin / Worried Pattern - Hollow Stud",FALSE,FALSE,FALSE,FALSE,FALSE,FALSE,neutral,NA,FALSE,NA,https://www.bricklink.com/v2/search.page?q=6142659#T=A
6142659,MINI HEAD NO.1872,NA,Yellow,NA,2019,NA,https://www.bricklink.com/v2/catalog/catalogitem.page?P=NA,"Minifigure, Head Dual Sided Black Eyebrows (one Scarred), White Pupils, Brown Chin Dimple, Firm Grin / Worried Pattern - Hollow Stud",FALSE,FALSE,FALSE,FALSE,FALSE,FALSE,neutral,NA,FALSE,NA,https://www.bricklink.com/v2/search.page?q=6142659#T=A
6142659,MINI HEAD NO.1872,NA,Yellow,NA,2020,NA,https://www.bricklink.com/v2/catalog/catalogitem.page?P=NA,"Minifigure, Head Dual Sided Black Eyebrows (one Scarred), White Pupils, Brown Chin Dimple, Firm Grin / Worried Pattern - Hollow Stud",FALSE,FALSE,FALSE,FALSE,FALSE,FALSE,neutral,NA,FALSE,NA,https://www.bricklink.com/v2/search.page?q=6142659#T=A
6153221,MINI HEAD NO. 1963,26848,Yellow,$0.05,2017,0.04,https://www.bricklink.com/v2/catalog/catalogitem.page?P=26848,"Minifigure, Head Female Glasses Dark Tan, Gray Eyebrows, Crow's Feet, Peach Lips Pattern - Hollow Stud",FALSE,FALSE,FALSE,FALSE,FALSE,FALSE,neutral,NA,FALSE,NA,https://www.bricklink.com/v2/search.page?q=6153221#T=A
6153221,MINI HEAD  NO. 1963,26848,Yellow,$0.06,2018,0.06,https://www.bricklink.com/v2/catalog/catalogitem.page?P=26848,"Minifigure, Head Female Glasses Dark Tan, Gray Eyebrows, Crow's Feet, Peach Lips Pattern - Hollow Stud",FALSE,FALSE,FALSE,FALSE,FALSE,FALSE,neutral,NA,FALSE,NA,https://www.bricklink.com/v2/search.page?q=6153221#T=A
6153221,MINI HEAD NO. 1963,NA,Yellow,NA,2019,NA,https://www.bricklink.com/v2/catalog/catalogitem.page?P=NA,"Minifigure, Head Female Glasses Dark Tan, Gray Eyebrows, Crow's Feet, Peach Lips Pattern - Hollow Stud",FALSE,FALSE,FALSE,FALSE,FALSE,FALSE,neutral,NA,FALSE,NA,https://www.bricklink.com/v2/search.page?q=6153221#T=A
6153221,MINI HEAD  NO. 1963,NA,Yellow,NA,2020,NA,https://www.bricklink.com/v2/catalog/catalogitem.page?P=NA,"Minifigure, Head Female Glasses Dark Tan, Gray Eyebrows, Crow's Feet, Peach Lips Pattern - Hollow Stud",FALSE,FALSE,FALSE,FALSE,FALSE,FALSE,neutral,NA,FALSE,NA,https://www.bricklink.com/v2/search.page?q=6153221#T=A
6154803,MINI HEAD NO. 1988,27041,Yellow,$0.05,2017,0.04,https://www.bricklink.com/v2/catalog/catalogitem.page?P=27041,"Minifigure, Head Dark Orange Eyebrows and Bushy Moustache Pattern - Hollow Stud",FALSE,FALSE,FALSE,FALSE,FALSE,FALSE,neutral,NA,FALSE,NA,https://www.bricklink.com/v2/search.page?q=6154803#T=A
6154803,MINI HEAD  NO. 1988,27041,Yellow,$0.06,2018,0.06,https://www.bricklink.com/v2/catalog/catalogitem.page?P=27041,"Minifigure, Head Dark Orange Eyebrows and Bushy Moustache Pattern - Hollow Stud",FALSE,FALSE,FALSE,FALSE,FALSE,FALSE,neutral,NA,FALSE,NA,https://www.bricklink.com/v2/search.page?q=6154803#T=A
6154803,MINI HEAD NO. 1988,NA,Yellow,NA,2019,NA,https://www.bricklink.com/v2/catalog/catalogitem.page?P=NA,"Minifigure, Head Dark Orange Eyebrows and Bushy Moustache Pattern - Hollow Stud",FALSE,FALSE,FALSE,FALSE,FALSE,FALSE,neutral,NA,FALSE,NA,https://www.bricklink.com/v2/search.page?q=6154803#T=A
6154803,MINI HEAD  NO. 1988,NA,Yellow,NA,2020,NA,https://www.bricklink.com/v2/catalog/catalogitem.page?P=NA,"Minifigure, Head Dark Orange Eyebrows and Bushy Moustache Pattern - Hollow Stud",FALSE,FALSE,FALSE,FALSE,FALSE,FALSE,neutral,NA,FALSE,NA,https://www.bricklink.com/v2/search.page?q=6154803#T=A
6172697,MINI HEAD NO. 2088,29183,Yellow,$0.06,2018,0.06,https://www.bricklink.com/v2/catalog/catalogitem.page?P=29183,"Minifigure, Head Black Eyebrows, White Pupils, Cheek Scuff, Open Mouth Smile Pattern - Hollow Stud",FALSE,FALSE,FALSE,FALSE,FALSE,FALSE,neutral,NA,FALSE,NA,https://www.bricklink.com/v2/search.page?q=6172697#T=A
6175949,"MINI HEAD, NO. 2132",29852,Yellow,$0.06,2018,0.06,https://www.bricklink.com/v2/catalog/catalogitem.page?P=29852,"Minifigure, Head Dual Sided Brown Thick Eyebrows, Curly Moustache, Smirk / Thick Moustache, Bushy Beard Pattern - Hollow Stud",FALSE,FALSE,FALSE,FALSE,FALSE,FALSE,neutral,NA,FALSE,NA,https://www.bricklink.com/v2/search.page?q=6175949#T=A
6176018,"MINI HEAD, NO. 2134",29873,Yellow,$0.06,2018,0.06,https://www.bricklink.com/v2/catalog/catalogitem.page?P=29873,"Minifigure, Head Female Black Eye Mask, Black Eyebrows with One Eyebrow Raised, Red Lips with Smirk Pattern - Hollow Stud",FALSE,FALSE,FALSE,FALSE,FALSE,FALSE,neutral,NA,FALSE,NA,https://www.bricklink.com/v2/search.page?q=6176018#T=A
6176018,"MINI HEAD, NO. 2134",NA,Yellow,NA,2019,NA,https://www.bricklink.com/v2/catalog/catalogitem.page?P=NA,"Minifigure, Head Female Black Eye Mask, Black Eyebrows with One Eyebrow Raised, Red Lips with Smirk Pattern - Hollow Stud",FALSE,FALSE,FALSE,FALSE,FALSE,FALSE,neutral,NA,FALSE,NA,https://www.bricklink.com/v2/search.page?q=6176018#T=A
6176018,"MINI HEAD, NO. 2134",NA,Yellow,NA,2020,NA,https://www.bricklink.com/v2/catalog/catalogitem.page?P=NA,"Minifigure, Head Female Black Eye Mask, Black Eyebrows with One Eyebrow Raised, Red Lips with Smirk Pattern - Hollow Stud",FALSE,FALSE,FALSE,FALSE,FALSE,FALSE,neutral,NA,FALSE,NA,https://www.bricklink.com/v2/search.page?q=6176018#T=A
6176422,"MINI HEAD, NO. 2139",29926,Yellow,$0.06,2018,0.06,https://www.bricklink.com/v2/catalog/catalogitem.page?P=29926,"Minifigure, Head Beard Brown Bushy, Moustache, Eyebrows with One Eyebrow Raised, White Pupils Pattern - Hollow Stud",FALSE,FALSE,FALSE,FALSE,FALSE,FALSE,neutral,NA,FALSE,NA,https://www.bricklink.com/v2/search.page?q=6176422#T=A
6176422,"MINI HEAD, NO. 2139",NA,Yellow,NA,2019,NA,https://www.bricklink.com/v2/catalog/catalogitem.page?P=NA,"Minifigure, Head Beard Brown Bushy, Moustache, Eyebrows with One Eyebrow Raised, White Pupils Pattern - Hollow Stud",FALSE,FALSE,FALSE,FALSE,FALSE,FALSE,neutral,NA,FALSE,NA,https://www.bricklink.com/v2/search.page?q=6176422#T=A
6176444,"MINI HEAD, NO. 2140",29931,Yellow,$0.06,2018,0.06,https://www.bricklink.com/v2/catalog/catalogitem.page?P=29931,"Minifigure, Head Moustache Brown Bushy, Black Eyebrows, Cheek Lines, Smile, White Pupils Pattern - Hollow Stud",FALSE,FALSE,FALSE,FALSE,FALSE,FALSE,neutral,NA,FALSE,NA,https://www.bricklink.com/v2/search.page?q=6176444#T=A
6176444,"MINI HEAD, NO. 2140",NA,Yellow,NA,2019,NA,https://www.bricklink.com/v2/catalog/catalogitem.page?P=NA,"Minifigure, Head Moustache Brown Bushy, Black Eyebrows, Cheek Lines, Smile, White Pupils Pattern - Hollow Stud",FALSE,FALSE,FALSE,FALSE,FALSE,FALSE,neutral,NA,FALSE,NA,https://www.bricklink.com/v2/search.page?q=6176444#T=A
6176444,"MINI HEAD, NO. 2140",NA,Yellow,NA,2020,NA,https://www.bricklink.com/v2/catalog/catalogitem.page?P=NA,"Minifigure, Head Moustache Brown Bushy, Black Eyebrows, Cheek Lines, Smile, White Pupils Pattern - Hollow Stud",FALSE,FALSE,FALSE,FALSE,FALSE,FALSE,neutral,NA,FALSE,NA,https://www.bricklink.com/v2/search.page?q=6176444#T=A
6176636,"MINI HEAD, NO. 2141",NA,Yellow,NA,2019,NA,https://www.bricklink.com/v2/catalog/catalogitem.page?P=NA,"Minifigure, Head Female Black and Silver Sunglasses, Black Eyebrows, Peach Lips Pattern - Hollow Stud",FALSE,FALSE,FALSE,FALSE,FALSE,FALSE,neutral,NA,FALSE,NA,https://www.bricklink.com/v2/search.page?q=6176636#T=A
6182305,"MINI HEAD, NO. 2222",NA,Yellow,NA,2019,NA,https://www.bricklink.com/v2/catalog/catalogitem.page?P=NA,"Minifigure, Head Dual Sided Blue Tinted Glasses, Dark Brown Eyebrows, Shocked / Smile Pattern - Hollow Stud",FALSE,FALSE,FALSE,FALSE,FALSE,FALSE,neutral,NA,FALSE,NA,https://www.bricklink.com/v2/search.page?q=6182305#T=A
6185501,"MINI HEAD, NO. 2238",32909,Yellow,$0.06,2018,0.06,https://www.bricklink.com/v2/catalog/catalogitem.page?P=32909,"Minifigure, Head Glasses with Gold Frame, White and Gray Eyebrows, Dark Orange Cheek Lines Pattern - Hollow Stud",FALSE,FALSE,FALSE,FALSE,FALSE,FALSE,neutral,NA,FALSE,NA,https://www.bricklink.com/v2/search.page?q=6185501#T=A
6185501,"MINI HEAD, NO. 2238",NA,Yellow,NA,2019,NA,https://www.bricklink.com/v2/catalog/catalogitem.page?P=NA,"Minifigure, Head Glasses with Gold Frame, White and Gray Eyebrows, Dark Orange Cheek Lines Pattern - Hollow Stud",FALSE,FALSE,FALSE,FALSE,FALSE,FALSE,neutral,NA,FALSE,NA,https://www.bricklink.com/v2/search.page?q=6185501#T=A
6185501,"MINI HEAD, NO. 2238",NA,Yellow,NA,2020,NA,https://www.bricklink.com/v2/catalog/catalogitem.page?P=NA,"Minifigure, Head Glasses with Gold Frame, White and Gray Eyebrows, Dark Orange Cheek Lines Pattern - Hollow Stud",FALSE,FALSE,FALSE,FALSE,FALSE,FALSE,neutral,NA,FALSE,NA,https://www.bricklink.com/v2/search.page?q=6185501#T=A
6191962,"MINI HEAD, NO. 2255",NA,Yellow,NA,2019,NA,https://www.bricklink.com/v2/catalog/catalogitem.page?P=NA,"Minifigure, Head Dual Sided Reddish Brown Eyebrows, Green Eyes, Lopsided Open Mouth Grin / Gritted Teeth Pattern (Lloyd) - Hollow Stud",FALSE,FALSE,FALSE,FALSE,FALSE,FALSE,neutral,NA,FALSE,NA,https://www.bricklink.com/v2/search.page?q=6191962#T=A
6192016,"MINI HEAD, NO. 2258",NA,Yellow,NA,2019,NA,https://www.bricklink.com/v2/catalog/catalogitem.page?P=NA,"Minifigure, Head Dual Sided Black Bushy Eyebrows, Smile / Angry Pattern (Cole) - Hollow Stud",FALSE,FALSE,FALSE,FALSE,FALSE,FALSE,neutral,NA,FALSE,NA,https://www.bricklink.com/v2/search.page?q=6192016#T=A
6192134,"MINI HEAD, NO. 2237",33916,Yellow,$0.06,2018,0.06,https://www.bricklink.com/v2/catalog/catalogitem.page?P=33916,"Minifigure, Head Glasses with Blue Sunglasses, Black Eyebrows, Left Eyebrow Raised Pattern - Hollow Stud",FALSE,FALSE,FALSE,FALSE,FALSE,FALSE,neutral,NA,FALSE,NA,https://www.bricklink.com/v2/search.page?q=6192134#T=A
6192470,"MINI HEAD, NO. 2272",NA,Yellow,NA,2019,NA,https://www.bricklink.com/v2/catalog/catalogitem.page?P=NA,"Minifigure, Head Dual Sided Female Black Eyebrows, Eyelashes, Peach Lips, Lopsided Smile / Scared Open Mouth with Teeth Pattern - Hollow Stud",FALSE,FALSE,FALSE,FALSE,FALSE,FALSE,neutral,NA,FALSE,NA,https://www.bricklink.com/v2/search.page?q=6192470#T=A
6194799,"MINI HEAD, NO. 2299",NA,Yellow,NA,2019,NA,https://www.bricklink.com/v2/catalog/catalogitem.page?P=NA,"Minifigure, Head Beard Stubble Dark Red, Sideburns, Goatee, Curved Black Eyebrows Pattern - Hollow Stud",FALSE,FALSE,FALSE,FALSE,FALSE,FALSE,neutral,NA,FALSE,NA,https://www.bricklink.com/v2/search.page?q=6194799#T=A
6194799,"MINI HEAD, NO. 2299",NA,Yellow,NA,2020,NA,https://www.bricklink.com/v2/catalog/catalogitem.page?P=NA,"Minifigure, Head Beard Stubble Dark Red, Sideburns, Goatee, Curved Black Eyebrows Pattern - Hollow Stud",FALSE,FALSE,FALSE,FALSE,FALSE,FALSE,neutral,NA,FALSE,NA,https://www.bricklink.com/v2/search.page?q=6194799#T=A
6196833,"MINI HEAD, NO. 2348",34600,Reddish Brown,$0.05,2017,0.04,https://www.bricklink.com/v2/catalog/catalogitem.page?P=34600,"Minifigure, Head Black Eyebrows, White Pupils, Dark Tan Chin Dimple, Sad Pattern - Hollow Stud",FALSE,FALSE,FALSE,FALSE,FALSE,FALSE,neutral,NA,FALSE,NA,https://www.bricklink.com/v2/search.page?q=6196833#T=A
6197076,"MINI HEAD, NO. 2352",NA,Yellow,NA,2019,NA,https://www.bricklink.com/v2/catalog/catalogitem.page?P=NA,"Minifigure, Head Dual Sided White Bushy Eyebrows, Goatee, Wrinkles, Smile / Open Mouth Scared Pattern - Hollow Stud",FALSE,FALSE,FALSE,FALSE,FALSE,FALSE,neutral,NA,FALSE,NA,https://www.bricklink.com/v2/search.page?q=6197076#T=A
6212381,"MINI HEAD, NO. 2473",NA,Yellow,NA,2019,NA,https://www.bricklink.com/v2/catalog/catalogitem.page?P=NA,"Minifigure, Head Dual Sided Beard Thick with Lines, Reddish Brown Thick Eyebrows, Moustache, Pupils, Angry / Disconcerted Pattern - Hollow Stud",FALSE,FALSE,FALSE,FALSE,FALSE,FALSE,neutral,NA,FALSE,NA,https://www.bricklink.com/v2/search.page?q=6212381#T=A
6212381,"MINI HEAD, NO. 2473",NA,Yellow,NA,2020,NA,https://www.bricklink.com/v2/catalog/catalogitem.page?P=NA,"Minifigure, Head Dual Sided Beard Thick with Lines, Reddish Brown Thick Eyebrows, Moustache, Pupils, Angry / Disconcerted Pattern - Hollow Stud",FALSE,FALSE,FALSE,FALSE,FALSE,FALSE,neutral,NA,FALSE,NA,https://www.bricklink.com/v2/search.page?q=6212381#T=A
6218536,"MINI HEAD, NO. 2526",NA,Yellow,NA,2019,NA,https://www.bricklink.com/v2/catalog/catalogitem.page?P=NA,"Minifigure, Head Gray Eyebrows and Beard, Black Eye Patch, Dark Orange Crow's Feet Pattern - Hollow Stud",FALSE,FALSE,FALSE,FALSE,FALSE,FALSE,neutral,NA,FALSE,NA,https://www.bricklink.com/v2/search.page?q=6218536#T=A
6223882,"MINI HEAD, NO. 2586",NA,Yellow,NA,2019,NA,https://www.bricklink.com/v2/catalog/catalogitem.page?P=NA,"Minifigure, Head Dual Sided Female Black Eyebrows, Peach Lips, Smirk / Smile with Dark Bluish Gray Splotches Pattern - Hollow Stud",FALSE,FALSE,FALSE,FALSE,FALSE,FALSE,neutral,NA,FALSE,NA,https://www.bricklink.com/v2/search.page?q=6223882#T=A
6224106,MINI HEAD NO. 2591,NA,Yellow,NA,2019,NA,https://www.bricklink.com/v2/catalog/catalogitem.page?P=NA,"Minifigure, Head Dual Sided Female Dark Tan Eyebrows, Medium Nougat Crow's Feet, Peach Lips, Smile / Dark Turquoise Sunglasses Pattern - Hollow Stud",FALSE,FALSE,FALSE,FALSE,FALSE,FALSE,neutral,NA,FALSE,NA,https://www.bricklink.com/v2/search.page?q=6224106#T=A
6225238,MINI HEAD NO. 2601,NA,Yellow,NA,2019,NA,https://www.bricklink.com/v2/catalog/catalogitem.page?P=NA,"Minifigure, Head Dark Brown Eyebrows, Lopsided Grin, Medium Nougat Anchor Beard Pattern - Hollow Stud",FALSE,FALSE,FALSE,FALSE,FALSE,FALSE,neutral,NA,FALSE,NA,https://www.bricklink.com/v2/search.page?q=6225238#T=A
6227104,"MINI HEAD, NO. 2617",NA,Yellow,NA,2019,NA,https://www.bricklink.com/v2/catalog/catalogitem.page?P=NA,"Minifigure, Head Dual Sided Large Black Round Glasses, Black Eyebrows / Sad Face with No Glasses Pattern - Hollow Stud",FALSE,FALSE,FALSE,FALSE,FALSE,FALSE,neutral,NA,FALSE,NA,https://www.bricklink.com/v2/search.page?q=6227104#T=A
6228847,"MINI HEAD, NO. 2629",NA,Yellow,NA,2019,NA,https://www.bricklink.com/v2/catalog/catalogitem.page?P=NA,"Minifigure, Head Dual Sided Beard Stubble, Thick Eyebrows, Pencil Moustache, Soul Patch, Smile / Frown Pattern - Hollow Stud",FALSE,FALSE,FALSE,FALSE,FALSE,FALSE,neutral,NA,FALSE,NA,https://www.bricklink.com/v2/search.page?q=6228847#T=A
6230357,"MINI HEAD, NO. 2631",NA,Yellow,NA,2020,NA,https://www.bricklink.com/v2/catalog/catalogitem.page?P=NA,"Minifigure, Head Dual Sided Female Red Hair with Open Mouth with Teeth, Grimace / Frown with Peach Lips Pattern (Harumi) - Hollow Stud",FALSE,FALSE,FALSE,FALSE,FALSE,FALSE,neutral,NA,FALSE,NA,https://www.bricklink.com/v2/search.page?q=6230357#T=A
6253297,"MINI HEAD, NO. 2786",NA,Yellow,NA,2019,NA,https://www.bricklink.com/v2/catalog/catalogitem.page?P=NA,"Minifigure, Head Angry Eyebrows and Scowl with Open Mouth, Headset, White Pupils Pattern - Hollow Stud",FALSE,FALSE,FALSE,FALSE,FALSE,FALSE,neutral,NA,FALSE,NA,https://www.bricklink.com/v2/search.page?q=6253297#T=A
6253297,"MINI HEAD, NO. 2786",NA,Yellow,NA,2020,NA,https://www.bricklink.com/v2/catalog/catalogitem.page?P=NA,"Minifigure, Head Angry Eyebrows and Scowl with Open Mouth, Headset, White Pupils Pattern - Hollow Stud",FALSE,FALSE,FALSE,FALSE,FALSE,FALSE,neutral,NA,FALSE,NA,https://www.bricklink.com/v2/search.page?q=6253297#T=A
6253456,MINI HEAD NO. 2792,NA,Yellow,NA,2019,NA,https://www.bricklink.com/v2/catalog/catalogitem.page?P=NA,"Minifigure, Head Angry Eyebrows and Scowl, Headset, White Pupils Pattern - Hollow Stud",FALSE,FALSE,FALSE,FALSE,FALSE,FALSE,neutral,NA,FALSE,NA,https://www.bricklink.com/v2/search.page?q=6253456#T=A
6253550,MINI HEAD NO. 2793,NA,Yellow,NA,2019,NA,https://www.bricklink.com/v2/catalog/catalogitem.page?P=NA,"Minifigure, Head Female Black Eyebrows, Headset, Red Lips with Open Mouth, Crooked Smile / Scowl Pattern - Hollow Stud",FALSE,FALSE,FALSE,FALSE,FALSE,FALSE,neutral,NA,FALSE,NA,https://www.bricklink.com/v2/search.page?q=6253550#T=A
6253926,"MINI HEAD, NO. 2804",NA,Yellow,NA,2019,NA,https://www.bricklink.com/v2/catalog/catalogitem.page?P=NA,"Minifigure, Head Angry Eyebrows, Cheek and Forehead and Chin Lines, White Pupils and White Teeth Pattern - Hollow Stud",FALSE,FALSE,FALSE,FALSE,FALSE,FALSE,neutral,NA,FALSE,NA,https://www.bricklink.com/v2/search.page?q=6253926#T=A
6253926,"MINI HEAD, NO. 2804",NA,Yellow,NA,2020,NA,https://www.bricklink.com/v2/catalog/catalogitem.page?P=NA,"Minifigure, Head Angry Eyebrows, Cheek and Forehead and Chin Lines, White Pupils and White Teeth Pattern - Hollow Stud",FALSE,FALSE,FALSE,FALSE,FALSE,FALSE,neutral,NA,FALSE,NA,https://www.bricklink.com/v2/search.page?q=6253926#T=A
6258141,"MINI HEAD, NO. 2855",NA,Yellow,NA,2019,NA,https://www.bricklink.com/v2/catalog/catalogitem.page?P=NA,"Minifigure, Head Dual Sided Child Female, Black Eyebrows, Grin / Open Mouth Smile Pattern - Hollow Stud",FALSE,FALSE,FALSE,FALSE,FALSE,FALSE,neutral,NA,FALSE,NA,https://www.bricklink.com/v2/search.page?q=6258141#T=A
6258232,"MINI HEAD, NO. 2857",NA,Yellow,NA,2019,NA,https://www.bricklink.com/v2/catalog/catalogitem.page?P=NA,"Minifigure, Head Dual Sided Black Eyebrows, Black Glasses and Smile with Teeth / Raised Eyebrows and Open Mouth Smile Pattern - Hollow Stud",FALSE,FALSE,FALSE,FALSE,FALSE,FALSE,neutral,NA,FALSE,NA,https://www.bricklink.com/v2/search.page?q=6258232#T=A
6267989,"MINI HEAD, NO. 2931",NA,Yellow,NA,2020,NA,https://www.bricklink.com/v2/catalog/catalogitem.page?P=NA,"Minifigure, Head Dual Sided Female Light Blue Goggles, Orange Lips, Smile / Covered with Dirt, Goggles Outline Pattern - Hollow Stud",FALSE,FALSE,FALSE,FALSE,FALSE,FALSE,neutral,NA,FALSE,NA,https://www.bricklink.com/v2/search.page?q=6267989#T=A
6271066,"MINI HEAD, NO. 2960",NA,Reddish Brown,NA,2020,NA,https://www.bricklink.com/v2/catalog/catalogitem.page?P=NA,"Minifigure, Head Black Eyebrows, Mouth Open Showing Upper Teeth, Surprised Pattern - Hollow Stud",FALSE,FALSE,FALSE,FALSE,FALSE,FALSE,neutral,NA,FALSE,NA,https://www.bricklink.com/v2/search.page?q=6271066#T=A
6271226,"MINI HEAD FLAT, NO.5",NA,Medium Nougat,NA,2020,NA,https://www.bricklink.com/v2/catalog/catalogitem.page?P=NA,NA,FALSE,FALSE,FALSE,FALSE,FALSE,FALSE,neutral,NA,FALSE,NA,https://www.bricklink.com/v2/search.page?q=6271226#T=A
6288063,"MINI HEAD, NO. 3072",NA,Yellow,NA,2020,NA,https://www.bricklink.com/v2/catalog/catalogitem.page?P=NA,"Minifigure, Head Black Eyebrows, Left Lowered, Lopsided Grin, Sly Expression Pattern - Hollow Stu",FALSE,FALSE,FALSE,FALSE,FALSE,FALSE,neutral,NA,FALSE,NA,https://www.bricklink.com/v2/search.page?q=6288063#T=A
6303546,"MINI HEAD, NO. 3679",68375,Yellow,$0.07,2022,0.07,https://www.bricklink.com/v2/catalog/catalogitem.page?P=68375,"Minifigure, Head Dual Sided Female Black Eyebrows, Eyelashes, Peach Lips, Open Smile / Lopsided Smile Pattern - Hollow Stud",FALSE,FALSE,FALSE,FALSE,FALSE,FALSE,neutral,NA,FALSE,NA,https://www.bricklink.com/v2/search.page?q=6303546#T=A
6305730,"MINI HEAD, NO. 3680",68436,Yellow,$0.07,2022,0.07,https://www.bricklink.com/v2/catalog/catalogitem.page?P=68436,"Minifigure, Head Dual Sided Female Light Bluish Gray Eyebrows, Magenta Glasses and Open Eyes / Closed Eyes Pattern - Hollow Stud",FALSE,FALSE,FALSE,FALSE,FALSE,FALSE,neutral,NA,FALSE,NA,https://www.bricklink.com/v2/search.page?q=6305730#T=A
6338854,"MINI HEAD, NO. 3528",77745,Yellow,$0.07,2022,0.07,https://www.bricklink.com/v2/catalog/catalogitem.page?P=77745,"Minifigure, Head Black Eyebrows, Beard, Open Mouth Grin, White Teeth, Red Tongue Pattern - Hollow Stud",FALSE,FALSE,FALSE,FALSE,FALSE,FALSE,neutral,NA,FALSE,NA,https://www.bricklink.com/v2/search.page?q=6338854#T=A
6339079,"MINI HEAD, NO. 3535",77778,Yellow,$0.07,2022,0.07,https://www.bricklink.com/v2/catalog/catalogitem.page?P=77778,"Minifigure, Head Dual Sided Black Eyebrows, Moustache, Open Mouth Grin, White Teeth / Bandage on Forehead Pattern - Hollow Stud",FALSE,FALSE,FALSE,FALSE,FALSE,FALSE,neutral,NA,FALSE,NA,https://www.bricklink.com/v2/search.page?q=6339079#T=A
6350457,"MINI HEAD, NO. 3555",79116,Yellow,$0.07,2022,0.07,https://www.bricklink.com/v2/catalog/catalogitem.page?P=79116,"Minifigure, Head Beard Light Bluish Gray and White Full, Thick Moustache and Eyebrows Pattern - Hollow Stud",FALSE,FALSE,FALSE,FALSE,FALSE,FALSE,neutral,NA,FALSE,NA,https://www.bricklink.com/v2/search.page?q=6350457#T=A
6351352,"MINI HEAD, NO. 3540",79216,Yellow,$0.07,2022,0.07,https://www.bricklink.com/v2/catalog/catalogitem.page?P=79216,"Minifigure, Head Dual Sided Medium Nougat Eyebrows and Sideburns, Smile / Scared Open Mouth with Teeth and Red Tongue Pattern - Hollow Stud",FALSE,FALSE,FALSE,FALSE,FALSE,FALSE,neutral,NA,FALSE,NA,https://www.bricklink.com/v2/search.page?q=6351352#T=A
6352820,"MINI HEAD, NO. 3560",79426,Yellow,$0.07,2022,0.07,https://www.bricklink.com/v2/catalog/catalogitem.page?P=79426,"Minifigure, Head White and Gray Beard, Bushy Eyebrows and Moustache, Laugh Lines, White Pupils Pattern - Hollow Stud",FALSE,FALSE,FALSE,FALSE,FALSE,FALSE,neutral,NA,FALSE,NA,https://www.bricklink.com/v2/search.page?q=6352820#T=A
6361751,"MINI HEAD, NO. 3561",80109,Yellow,$0.07,2022,0.07,https://www.bricklink.com/v2/catalog/catalogitem.page?P=80109,"Minifigure, Head Dual Sided, Child, Black Eyebrows, Freckles, Small Open Smile / Sleeping Pattern - Hollow Stud",FALSE,FALSE,FALSE,FALSE,FALSE,FALSE,neutral,NA,FALSE,NA,https://www.bricklink.com/v2/search.page?q=6361751#T=A
6375487,"MINI HEAD, NO. 3624",84784,Yellow,$0.07,2022,0.07,https://www.bricklink.com/v2/catalog/catalogitem.page?P=84784,"Minifigure, Head Dual Sided Female Black Eyebrows, Peach Lips and Black Mask Pattern / Open Mouth Smile - Hollow Stud",FALSE,FALSE,FALSE,FALSE,FALSE,FALSE,neutral,NA,FALSE,NA,https://www.bricklink.com/v2/search.page?q=6375487#T=A
6384051,"MINI HEAD, NO. 3667",98261,Yellow,$0.07,2022,0.07,https://www.bricklink.com/v2/catalog/catalogitem.page?P=98261,"Minifigure, Head Black Thick Eyebrows, 3 Bright Light Blue Sweat Drops, Open Mouth with Teeth Pattern - Hollow Stud",FALSE,FALSE,FALSE,FALSE,FALSE,FALSE,neutral,NA,FALSE,NA,https://www.bricklink.com/v2/search.page?q=6384051#T=A
6384076,"MINI HEAD, NO. 3661",98479,Yellow,$0.07,2022,0.07,https://www.bricklink.com/v2/catalog/catalogitem.page?P=98479,"Minifigure, Head Light Bluish Gray Eyebrows, Open Smile, Dark Orange Cheek Lines and Crow's Feet Pattern - Hollow Stud",FALSE,FALSE,FALSE,FALSE,FALSE,FALSE,neutral,NA,FALSE,NA,https://www.bricklink.com/v2/search.page?q=6384076#T=A
6384086,"MINI HEAD, NO. 3676",98550,Yellow,$0.71,2022,0.71,https://www.bricklink.com/v2/catalog/catalogitem.page?P=98550,"Minifigure, Head Black Eyebrows, Eyes with White Pupils, Hair on Back Pattern - Hollow Stud",FALSE,FALSE,FALSE,FALSE,FALSE,FALSE,neutral,NA,FALSE,NA,https://www.bricklink.com/v2/search.page?q=6384086#T=A
6384569,"MINI HEAD, NO. 3670",98831,Yellow,$0.07,2022,0.07,https://www.bricklink.com/v2/catalog/catalogitem.page?P=98831,"Minifigure, Head Dual Sided Female Black Thin Eyebrows, Red Lips, Silver Glasses, Smile / Laughing with Open Mouth Pattern - Hollow Stud",FALSE,FALSE,FALSE,FALSE,FALSE,FALSE,neutral,NA,FALSE,NA,https://www.bricklink.com/v2/search.page?q=6384569#T=A
6384570,"MINI HEAD, NO. 3671",98832,Yellow,$0.07,2022,0.07,https://www.bricklink.com/v2/catalog/catalogitem.page?P=98832,"Minifigure, Head Dual Sided Dark Tan Eyebrows and Goatee, Nougat Cheek Lines, Neutral / Laughing with Open Mouth and Closed Eyes Pattern - Hollow Stud",FALSE,FALSE,FALSE,FALSE,FALSE,FALSE,neutral,NA,FALSE,NA,https://www.bricklink.com/v2/search.page?q=6384570#T=A
6384850,"MINI HEAD, NO. 3672",99042,Yellow,$0.07,2022,0.07,https://www.bricklink.com/v2/catalog/catalogitem.page?P=99042,"Minifigure, Head Reddish Brown Thick Eyebrows and Beard, Black Mask, Worried Frown Pattern - Hollow Stud",FALSE,FALSE,FALSE,FALSE,FALSE,FALSE,neutral,NA,FALSE,NA,https://www.bricklink.com/v2/search.page?q=6384850#T=A
6384853,"MINI HEAD, NO. 3375",99045,Yellow,$0.07,2022,0.07,https://www.bricklink.com/v2/catalog/catalogitem.page?P=99045,"Minifigure, Head Dual Sided, Black Eyebrows, Medium Nougat Freckles, Open Mouth Smile / Scared Worried Pattern - Hollow Stud",FALSE,FALSE,FALSE,FALSE,FALSE,FALSE,neutral,NA,FALSE,NA,https://www.bricklink.com/v2/search.page?q=6384853#T=A
6407746,"MINI HEAD, NO. 3515",100637,Tan,$0.07,2022,0.07,https://www.bricklink.com/v2/catalog/catalogitem.page?P=100637,"Minifigure, Head without Face Reddish Brown Globe World Map with Japan and Hawaii Pattern - Hollow Stud",FALSE,FALSE,FALSE,FALSE,FALSE,FALSE,neutral,NA,FALSE,NA,https://www.bricklink.com/v2/search.page?q=6407746#T=A