item_id,gender,year,search_link
6023600,neutral,2015,https://www.bricklink.com/v2/search.page?q=6023600#T=A
4275813,neutral,2015,https://www.bricklink.com/v2/search.page?q=4275813#T=A
4275815,neutral,2015,https://www.bricklink.com/v2/search.page?q=4275815#T=A
4275872,neutral,2015,https://www.bricklink.com/v2/search.page?q=4275872#T=A
4275461,neutral,2015,https://www.bricklink.com/v2/search.page?q=4275461#T=A
4549988,female,2015,https://www.bricklink.com/v2/search.page?q=4549988#T=A
4293300,neutral,2015,https://www.bricklink.com/v2/search.page?q=4293300#T=A
4292298,neutral,2015,https://www.bricklink.com/v2/search.page?q=4292298#T=A
4612153,neutral,2015,https://www.bricklink.com/v2/search.page?q=4612153#T=A
6039760,male,2015,https://www.bricklink.com/v2/search.page?q=6039760#T=A
6055507,neutral,2015,https://www.bricklink.com/v2/search.page?q=6055507#T=A
6056258,neutral,2015,https://www.bricklink.com/v2/search.page?q=6056258#T=A
6056326,neutral,2015,https://www.bricklink.com/v2/search.page?q=6056326#T=A
6058788,neutral,2015,https://www.bricklink.com/v2/search.page?q=6058788#T=A
6023600,neutral,2016,https://www.bricklink.com/v2/search.page?q=6023600#T=A
4275813,neutral,2016,https://www.bricklink.com/v2/search.page?q=4275813#T=A
4275815,neutral,2016,https://www.bricklink.com/v2/search.page?q=4275815#T=A
4275872,neutral,2016,https://www.bricklink.com/v2/search.page?q=4275872#T=A
4275461,neutral,2016,https://www.bricklink.com/v2/search.page?q=4275461#T=A
4549988,female,2016,https://www.bricklink.com/v2/search.page?q=4549988#T=A
4293300,neutral,2016,https://www.bricklink.com/v2/search.page?q=4293300#T=A
4292298,neutral,2016,https://www.bricklink.com/v2/search.page?q=4292298#T=A
6143834,neutral,2016,https://www.bricklink.com/v2/search.page?q=6143834#T=A
6143839,neutral,2016,https://www.bricklink.com/v2/search.page?q=6143839#T=A
4612153,neutral,2016,https://www.bricklink.com/v2/search.page?q=4612153#T=A
6039760,male,2016,https://www.bricklink.com/v2/search.page?q=6039760#T=A
6055507,neutral,2016,https://www.bricklink.com/v2/search.page?q=6055507#T=A
6056258,neutral,2016,https://www.bricklink.com/v2/search.page?q=6056258#T=A
6056326,neutral,2016,https://www.bricklink.com/v2/search.page?q=6056326#T=A
6058788,neutral,2016,https://www.bricklink.com/v2/search.page?q=6058788#T=A
6102566,neutral,2016,https://www.bricklink.com/v2/search.page?q=6102566#T=A
6102597,neutral,2016,https://www.bricklink.com/v2/search.page?q=6102597#T=A
6107399,female,2016,https://www.bricklink.com/v2/search.page?q=6107399#T=A
6112219,neutral,2016,https://www.bricklink.com/v2/search.page?q=6112219#T=A
6120210,neutral,2016,https://www.bricklink.com/v2/search.page?q=6120210#T=A
6155272,neutral,2016,https://www.bricklink.com/v2/search.page?q=6155272#T=A
6097241,neutral,2016,https://www.bricklink.com/v2/search.page?q=6097241#T=A
6023600,neutral,2017,https://www.bricklink.com/v2/search.page?q=6023600#T=A
4275813,neutral,2017,https://www.bricklink.com/v2/search.page?q=4275813#T=A
4275815,neutral,2017,https://www.bricklink.com/v2/search.page?q=4275815#T=A
4275872,neutral,2017,https://www.bricklink.com/v2/search.page?q=4275872#T=A
4275461,neutral,2017,https://www.bricklink.com/v2/search.page?q=4275461#T=A
4549988,female,2017,https://www.bricklink.com/v2/search.page?q=4549988#T=A
4293300,neutral,2017,https://www.bricklink.com/v2/search.page?q=4293300#T=A
4292298,neutral,2017,https://www.bricklink.com/v2/search.page?q=4292298#T=A
6143834,neutral,2017,https://www.bricklink.com/v2/search.page?q=6143834#T=A
6143839,neutral,2017,https://www.bricklink.com/v2/search.page?q=6143839#T=A
6127357,male,2017,https://www.bricklink.com/v2/search.page?q=6127357#T=A
4612153,neutral,2017,https://www.bricklink.com/v2/search.page?q=4612153#T=A
6039760,male,2017,https://www.bricklink.com/v2/search.page?q=6039760#T=A
6055507,neutral,2017,https://www.bricklink.com/v2/search.page?q=6055507#T=A
6056258,neutral,2017,https://www.bricklink.com/v2/search.page?q=6056258#T=A
6056326,neutral,2017,https://www.bricklink.com/v2/search.page?q=6056326#T=A
6058788,neutral,2017,https://www.bricklink.com/v2/search.page?q=6058788#T=A
6102566,neutral,2017,https://www.bricklink.com/v2/search.page?q=6102566#T=A
6102597,neutral,2017,https://www.bricklink.com/v2/search.page?q=6102597#T=A
6107399,female,2017,https://www.bricklink.com/v2/search.page?q=6107399#T=A
6112219,neutral,2017,https://www.bricklink.com/v2/search.page?q=6112219#T=A
6120210,neutral,2017,https://www.bricklink.com/v2/search.page?q=6120210#T=A
6152194,female,2017,https://www.bricklink.com/v2/search.page?q=6152194#T=A
6152450,female,2017,https://www.bricklink.com/v2/search.page?q=6152450#T=A
6152800,neutral,2017,https://www.bricklink.com/v2/search.page?q=6152800#T=A
6153136,neutral,2017,https://www.bricklink.com/v2/search.page?q=6153136#T=A
6153512,neutral,2017,https://www.bricklink.com/v2/search.page?q=6153512#T=A
6155272,neutral,2017,https://www.bricklink.com/v2/search.page?q=6155272#T=A
6097241,neutral,2017,https://www.bricklink.com/v2/search.page?q=6097241#T=A
6152679,neutral,2017,https://www.bricklink.com/v2/search.page?q=6152679#T=A
6153138,neutral,2017,https://www.bricklink.com/v2/search.page?q=6153138#T=A
6153139,neutral,2017,https://www.bricklink.com/v2/search.page?q=6153139#T=A
6153140,neutral,2017,https://www.bricklink.com/v2/search.page?q=6153140#T=A
6153141,neutral,2017,https://www.bricklink.com/v2/search.page?q=6153141#T=A
6023600,neutral,2018,https://www.bricklink.com/v2/search.page?q=6023600#T=A
4275813,neutral,2018,https://www.bricklink.com/v2/search.page?q=4275813#T=A
4275815,neutral,2018,https://www.bricklink.com/v2/search.page?q=4275815#T=A
4275872,neutral,2018,https://www.bricklink.com/v2/search.page?q=4275872#T=A
4275461,neutral,2018,https://www.bricklink.com/v2/search.page?q=4275461#T=A
4549988,female,2018,https://www.bricklink.com/v2/search.page?q=4549988#T=A
4293300,neutral,2018,https://www.bricklink.com/v2/search.page?q=4293300#T=A
4292298,neutral,2018,https://www.bricklink.com/v2/search.page?q=4292298#T=A
6143834,neutral,2018,https://www.bricklink.com/v2/search.page?q=6143834#T=A
6143839,neutral,2018,https://www.bricklink.com/v2/search.page?q=6143839#T=A
6127357,male,2018,https://www.bricklink.com/v2/search.page?q=6127357#T=A
4612153,neutral,2018,https://www.bricklink.com/v2/search.page?q=4612153#T=A
6055507,neutral,2018,https://www.bricklink.com/v2/search.page?q=6055507#T=A
6056258,neutral,2018,https://www.bricklink.com/v2/search.page?q=6056258#T=A
6056326,neutral,2018,https://www.bricklink.com/v2/search.page?q=6056326#T=A
6058788,neutral,2018,https://www.bricklink.com/v2/search.page?q=6058788#T=A
6102566,neutral,2018,https://www.bricklink.com/v2/search.page?q=6102566#T=A
6102597,neutral,2018,https://www.bricklink.com/v2/search.page?q=6102597#T=A
6107399,female,2018,https://www.bricklink.com/v2/search.page?q=6107399#T=A
6112219,neutral,2018,https://www.bricklink.com/v2/search.page?q=6112219#T=A
6152194,female,2018,https://www.bricklink.com/v2/search.page?q=6152194#T=A
6152450,female,2018,https://www.bricklink.com/v2/search.page?q=6152450#T=A
6152800,neutral,2018,https://www.bricklink.com/v2/search.page?q=6152800#T=A
6153136,neutral,2018,https://www.bricklink.com/v2/search.page?q=6153136#T=A
6153512,neutral,2018,https://www.bricklink.com/v2/search.page?q=6153512#T=A
6155272,neutral,2018,https://www.bricklink.com/v2/search.page?q=6155272#T=A
6172536,male,2018,https://www.bricklink.com/v2/search.page?q=6172536#T=A
6097241,neutral,2018,https://www.bricklink.com/v2/search.page?q=6097241#T=A
6152679,neutral,2018,https://www.bricklink.com/v2/search.page?q=6152679#T=A
6153138,neutral,2018,https://www.bricklink.com/v2/search.page?q=6153138#T=A
6153139,neutral,2018,https://www.bricklink.com/v2/search.page?q=6153139#T=A
6153140,neutral,2018,https://www.bricklink.com/v2/search.page?q=6153140#T=A
6153141,neutral,2018,https://www.bricklink.com/v2/search.page?q=6153141#T=A
6174817,female,2018,https://www.bricklink.com/v2/search.page?q=6174817#T=A
6176217,female,2018,https://www.bricklink.com/v2/search.page?q=6176217#T=A
6176513,female,2018,https://www.bricklink.com/v2/search.page?q=6176513#T=A
6176658,female,2018,https://www.bricklink.com/v2/search.page?q=6176658#T=A
6176783,neutral,2018,https://www.bricklink.com/v2/search.page?q=6176783#T=A
6192763,female,2018,https://www.bricklink.com/v2/search.page?q=6192763#T=A
6192789,neutral,2018,https://www.bricklink.com/v2/search.page?q=6192789#T=A
6205345,neutral,2018,https://www.bricklink.com/v2/search.page?q=6205345#T=A
6023600,neutral,2019,https://www.bricklink.com/v2/search.page?q=6023600#T=A
4275813,neutral,2019,https://www.bricklink.com/v2/search.page?q=4275813#T=A
4275815,neutral,2019,https://www.bricklink.com/v2/search.page?q=4275815#T=A
4275872,neutral,2019,https://www.bricklink.com/v2/search.page?q=4275872#T=A
4275461,neutral,2019,https://www.bricklink.com/v2/search.page?q=4275461#T=A
4549988,female,2019,https://www.bricklink.com/v2/search.page?q=4549988#T=A
4293300,neutral,2019,https://www.bricklink.com/v2/search.page?q=4293300#T=A
4292298,neutral,2019,https://www.bricklink.com/v2/search.page?q=4292298#T=A
6143834,neutral,2019,https://www.bricklink.com/v2/search.page?q=6143834#T=A
6143839,neutral,2019,https://www.bricklink.com/v2/search.page?q=6143839#T=A
6127357,male,2019,https://www.bricklink.com/v2/search.page?q=6127357#T=A
4612153,neutral,2019,https://www.bricklink.com/v2/search.page?q=4612153#T=A
6055507,neutral,2019,https://www.bricklink.com/v2/search.page?q=6055507#T=A
6056258,neutral,2019,https://www.bricklink.com/v2/search.page?q=6056258#T=A
6056326,neutral,2019,https://www.bricklink.com/v2/search.page?q=6056326#T=A
6058788,neutral,2019,https://www.bricklink.com/v2/search.page?q=6058788#T=A
6102566,neutral,2019,https://www.bricklink.com/v2/search.page?q=6102566#T=A
6102597,neutral,2019,https://www.bricklink.com/v2/search.page?q=6102597#T=A
6107399,female,2019,https://www.bricklink.com/v2/search.page?q=6107399#T=A
6112219,neutral,2019,https://www.bricklink.com/v2/search.page?q=6112219#T=A
6120210,neutral,2019,https://www.bricklink.com/v2/search.page?q=6120210#T=A
6152194,female,2019,https://www.bricklink.com/v2/search.page?q=6152194#T=A
6152450,female,2019,https://www.bricklink.com/v2/search.page?q=6152450#T=A
6152800,neutral,2019,https://www.bricklink.com/v2/search.page?q=6152800#T=A
6153136,neutral,2019,https://www.bricklink.com/v2/search.page?q=6153136#T=A
6153512,neutral,2019,https://www.bricklink.com/v2/search.page?q=6153512#T=A
6155272,neutral,2019,https://www.bricklink.com/v2/search.page?q=6155272#T=A
6172536,male,2019,https://www.bricklink.com/v2/search.page?q=6172536#T=A
6223896,female,2019,https://www.bricklink.com/v2/search.page?q=6223896#T=A
6224041,female,2019,https://www.bricklink.com/v2/search.page?q=6224041#T=A
6224075,neutral,2019,https://www.bricklink.com/v2/search.page?q=6224075#T=A
6253594,female,2019,https://www.bricklink.com/v2/search.page?q=6253594#T=A
6253638,neutral,2019,https://www.bricklink.com/v2/search.page?q=6253638#T=A
6097241,neutral,2019,https://www.bricklink.com/v2/search.page?q=6097241#T=A
6152679,neutral,2019,https://www.bricklink.com/v2/search.page?q=6152679#T=A
6153138,neutral,2019,https://www.bricklink.com/v2/search.page?q=6153138#T=A
6153139,neutral,2019,https://www.bricklink.com/v2/search.page?q=6153139#T=A
6153140,neutral,2019,https://www.bricklink.com/v2/search.page?q=6153140#T=A
6153141,neutral,2019,https://www.bricklink.com/v2/search.page?q=6153141#T=A
6174817,female,2019,https://www.bricklink.com/v2/search.page?q=6174817#T=A
6176217,female,2019,https://www.bricklink.com/v2/search.page?q=6176217#T=A
6176513,female,2019,https://www.bricklink.com/v2/search.page?q=6176513#T=A
6176658,female,2019,https://www.bricklink.com/v2/search.page?q=6176658#T=A
6176783,neutral,2019,https://www.bricklink.com/v2/search.page?q=6176783#T=A
6192763,female,2019,https://www.bricklink.com/v2/search.page?q=6192763#T=A
6192789,neutral,2019,https://www.bricklink.com/v2/search.page?q=6192789#T=A
6194403,male,2019,https://www.bricklink.com/v2/search.page?q=6194403#T=A
6205345,neutral,2019,https://www.bricklink.com/v2/search.page?q=6205345#T=A
6210620,neutral,2019,https://www.bricklink.com/v2/search.page?q=6210620#T=A
6217108,neutral,2019,https://www.bricklink.com/v2/search.page?q=6217108#T=A
6219611,neutral,2019,https://www.bricklink.com/v2/search.page?q=6219611#T=A
6219621,neutral,2019,https://www.bricklink.com/v2/search.page?q=6219621#T=A
6219624,male,2019,https://www.bricklink.com/v2/search.page?q=6219624#T=A
6219626,neutral,2019,https://www.bricklink.com/v2/search.page?q=6219626#T=A
6219628,neutral,2019,https://www.bricklink.com/v2/search.page?q=6219628#T=A
6219630,male,2019,https://www.bricklink.com/v2/search.page?q=6219630#T=A
6223880,female,2019,https://www.bricklink.com/v2/search.page?q=6223880#T=A
6231940,neutral,2019,https://www.bricklink.com/v2/search.page?q=6231940#T=A
6250484,neutral,2019,https://www.bricklink.com/v2/search.page?q=6250484#T=A
6251324,neutral,2019,https://www.bricklink.com/v2/search.page?q=6251324#T=A
6251905,neutral,2019,https://www.bricklink.com/v2/search.page?q=6251905#T=A
6252270,neutral,2019,https://www.bricklink.com/v2/search.page?q=6252270#T=A
6254472,neutral,2019,https://www.bricklink.com/v2/search.page?q=6254472#T=A
6257940,neutral,2019,https://www.bricklink.com/v2/search.page?q=6257940#T=A
6023600,neutral,2020,https://www.bricklink.com/v2/search.page?q=6023600#T=A
4275813,neutral,2020,https://www.bricklink.com/v2/search.page?q=4275813#T=A
4275815,neutral,2020,https://www.bricklink.com/v2/search.page?q=4275815#T=A
4275872,neutral,2020,https://www.bricklink.com/v2/search.page?q=4275872#T=A
4275461,neutral,2020,https://www.bricklink.com/v2/search.page?q=4275461#T=A
4549988,female,2020,https://www.bricklink.com/v2/search.page?q=4549988#T=A
4293300,neutral,2020,https://www.bricklink.com/v2/search.page?q=4293300#T=A
4292298,neutral,2020,https://www.bricklink.com/v2/search.page?q=4292298#T=A
6143834,neutral,2020,https://www.bricklink.com/v2/search.page?q=6143834#T=A
6143839,neutral,2020,https://www.bricklink.com/v2/search.page?q=6143839#T=A
6127357,male,2020,https://www.bricklink.com/v2/search.page?q=6127357#T=A
4612153,neutral,2020,https://www.bricklink.com/v2/search.page?q=4612153#T=A
6055507,neutral,2020,https://www.bricklink.com/v2/search.page?q=6055507#T=A
6056258,neutral,2020,https://www.bricklink.com/v2/search.page?q=6056258#T=A
6056326,neutral,2020,https://www.bricklink.com/v2/search.page?q=6056326#T=A
6058788,neutral,2020,https://www.bricklink.com/v2/search.page?q=6058788#T=A
6102566,neutral,2020,https://www.bricklink.com/v2/search.page?q=6102566#T=A
6102597,neutral,2020,https://www.bricklink.com/v2/search.page?q=6102597#T=A
6107399,female,2020,https://www.bricklink.com/v2/search.page?q=6107399#T=A
6112219,neutral,2020,https://www.bricklink.com/v2/search.page?q=6112219#T=A
6120210,neutral,2020,https://www.bricklink.com/v2/search.page?q=6120210#T=A
6152194,female,2020,https://www.bricklink.com/v2/search.page?q=6152194#T=A
6152450,female,2020,https://www.bricklink.com/v2/search.page?q=6152450#T=A
6152800,neutral,2020,https://www.bricklink.com/v2/search.page?q=6152800#T=A
6153136,neutral,2020,https://www.bricklink.com/v2/search.page?q=6153136#T=A
6153512,neutral,2020,https://www.bricklink.com/v2/search.page?q=6153512#T=A
6155272,neutral,2020,https://www.bricklink.com/v2/search.page?q=6155272#T=A
6172536,male,2020,https://www.bricklink.com/v2/search.page?q=6172536#T=A
6223896,female,2020,https://www.bricklink.com/v2/search.page?q=6223896#T=A
6224041,female,2020,https://www.bricklink.com/v2/search.page?q=6224041#T=A
6224075,neutral,2020,https://www.bricklink.com/v2/search.page?q=6224075#T=A
6253594,female,2020,https://www.bricklink.com/v2/search.page?q=6253594#T=A
6253638,neutral,2020,https://www.bricklink.com/v2/search.page?q=6253638#T=A
6097241,neutral,2020,https://www.bricklink.com/v2/search.page?q=6097241#T=A
6152679,neutral,2020,https://www.bricklink.com/v2/search.page?q=6152679#T=A
6153138,neutral,2020,https://www.bricklink.com/v2/search.page?q=6153138#T=A
6153139,neutral,2020,https://www.bricklink.com/v2/search.page?q=6153139#T=A
6153140,neutral,2020,https://www.bricklink.com/v2/search.page?q=6153140#T=A
6153141,neutral,2020,https://www.bricklink.com/v2/search.page?q=6153141#T=A
6174817,female,2020,https://www.bricklink.com/v2/search.page?q=6174817#T=A
6176217,female,2020,https://www.bricklink.com/v2/search.page?q=6176217#T=A
6176513,female,2020,https://www.bricklink.com/v2/search.page?q=6176513#T=A
6176658,female,2020,https://www.bricklink.com/v2/search.page?q=6176658#T=A
6176783,neutral,2020,https://www.bricklink.com/v2/search.page?q=6176783#T=A
6192763,female,2020,https://www.bricklink.com/v2/search.page?q=6192763#T=A
6192789,neutral,2020,https://www.bricklink.com/v2/search.page?q=6192789#T=A
6194403,male,2020,https://www.bricklink.com/v2/search.page?q=6194403#T=A
6205345,neutral,2020,https://www.bricklink.com/v2/search.page?q=6205345#T=A
6210620,neutral,2020,https://www.bricklink.com/v2/search.page?q=6210620#T=A
6217108,neutral,2020,https://www.bricklink.com/v2/search.page?q=6217108#T=A
6219611,neutral,2020,https://www.bricklink.com/v2/search.page?q=6219611#T=A
6219621,neutral,2020,https://www.bricklink.com/v2/search.page?q=6219621#T=A
6219624,male,2020,https://www.bricklink.com/v2/search.page?q=6219624#T=A
6219626,neutral,2020,https://www.bricklink.com/v2/search.page?q=6219626#T=A
6219628,neutral,2020,https://www.bricklink.com/v2/search.page?q=6219628#T=A
6219630,male,2020,https://www.bricklink.com/v2/search.page?q=6219630#T=A
6223880,female,2020,https://www.bricklink.com/v2/search.page?q=6223880#T=A
6231940,neutral,2020,https://www.bricklink.com/v2/search.page?q=6231940#T=A
6250484,neutral,2020,https://www.bricklink.com/v2/search.page?q=6250484#T=A
6251324,neutral,2020,https://www.bricklink.com/v2/search.page?q=6251324#T=A
6251905,neutral,2020,https://www.bricklink.com/v2/search.page?q=6251905#T=A
6252270,neutral,2020,https://www.bricklink.com/v2/search.page?q=6252270#T=A
6254472,neutral,2020,https://www.bricklink.com/v2/search.page?q=6254472#T=A
6257940,neutral,2020,https://www.bricklink.com/v2/search.page?q=6257940#T=A
6267919,neutral,2020,https://www.bricklink.com/v2/search.page?q=6267919#T=A
6267984,neutral,2020,https://www.bricklink.com/v2/search.page?q=6267984#T=A
6268491,neutral,2020,https://www.bricklink.com/v2/search.page?q=6268491#T=A
6270317,neutral,2020,https://www.bricklink.com/v2/search.page?q=6270317#T=A
6270336,neutral,2020,https://www.bricklink.com/v2/search.page?q=6270336#T=A
6270372,neutral,2020,https://www.bricklink.com/v2/search.page?q=6270372#T=A
6270390,neutral,2020,https://www.bricklink.com/v2/search.page?q=6270390#T=A
6270405,neutral,2020,https://www.bricklink.com/v2/search.page?q=6270405#T=A
6270439,male,2020,https://www.bricklink.com/v2/search.page?q=6270439#T=A
6270480,neutral,2020,https://www.bricklink.com/v2/search.page?q=6270480#T=A
6271205,female,2020,https://www.bricklink.com/v2/search.page?q=6271205#T=A
6271410,neutral,2020,https://www.bricklink.com/v2/search.page?q=6271410#T=A
6271751,neutral,2020,https://www.bricklink.com/v2/search.page?q=6271751#T=A
6283797,neutral,2020,https://www.bricklink.com/v2/search.page?q=6283797#T=A
6283852,female,2020,https://www.bricklink.com/v2/search.page?q=6283852#T=A
6283869,neutral,2020,https://www.bricklink.com/v2/search.page?q=6283869#T=A
6283889,neutral,2020,https://www.bricklink.com/v2/search.page?q=6283889#T=A
6283908,female,2020,https://www.bricklink.com/v2/search.page?q=6283908#T=A
6283920,neutral,2020,https://www.bricklink.com/v2/search.page?q=6283920#T=A
6290548,neutral,2020,https://www.bricklink.com/v2/search.page?q=6290548#T=A
6289809,female,2020,https://www.bricklink.com/v2/search.page?q=6289809#T=A
6293876,male,2020,https://www.bricklink.com/v2/search.page?q=6293876#T=A
6293400,female,2020,https://www.bricklink.com/v2/search.page?q=6293400#T=A
6287367,male,2020,https://www.bricklink.com/v2/search.page?q=6287367#T=A
6287372,male,2020,https://www.bricklink.com/v2/search.page?q=6287372#T=A
6294404,neutral,2020,https://www.bricklink.com/v2/search.page?q=6294404#T=A
6294699,neutral,2020,https://www.bricklink.com/v2/search.page?q=6294699#T=A
6308556,neutral,2021,https://www.bricklink.com/v2/search.page?q=6308556#T=A
6310887,female,2021,https://www.bricklink.com/v2/search.page?q=6310887#T=A
4275815,neutral,2021,https://www.bricklink.com/v2/search.page?q=4275815#T=A
4275872,neutral,2021,https://www.bricklink.com/v2/search.page?q=4275872#T=A
4275461,neutral,2021,https://www.bricklink.com/v2/search.page?q=4275461#T=A
6127357,male,2021,https://www.bricklink.com/v2/search.page?q=6127357#T=A
6194403,male,2021,https://www.bricklink.com/v2/search.page?q=6194403#T=A
6205345,neutral,2021,https://www.bricklink.com/v2/search.page?q=6205345#T=A
6251324,neutral,2021,https://www.bricklink.com/v2/search.page?q=6251324#T=A
6270372,neutral,2021,https://www.bricklink.com/v2/search.page?q=6270372#T=A
6271751,neutral,2021,https://www.bricklink.com/v2/search.page?q=6271751#T=A
6289809,female,2021,https://www.bricklink.com/v2/search.page?q=6289809#T=A
6293400,female,2021,https://www.bricklink.com/v2/search.page?q=6293400#T=A
6287367,male,2021,https://www.bricklink.com/v2/search.page?q=6287367#T=A
6287372,male,2021,https://www.bricklink.com/v2/search.page?q=6287372#T=A
6294404,neutral,2021,https://www.bricklink.com/v2/search.page?q=6294404#T=A
6294699,neutral,2021,https://www.bricklink.com/v2/search.page?q=6294699#T=A
6308513,neutral,2021,https://www.bricklink.com/v2/search.page?q=6308513#T=A
6308844,female,2021,https://www.bricklink.com/v2/search.page?q=6308844#T=A
6301950,neutral,2021,https://www.bricklink.com/v2/search.page?q=6301950#T=A
6301986,neutral,2021,https://www.bricklink.com/v2/search.page?q=6301986#T=A
6306690,female,2021,https://www.bricklink.com/v2/search.page?q=6306690#T=A
6332022,neutral,2021,https://www.bricklink.com/v2/search.page?q=6332022#T=A
6323023,neutral,2021,https://www.bricklink.com/v2/search.page?q=6323023#T=A
6323025,neutral,2021,https://www.bricklink.com/v2/search.page?q=6323025#T=A
6023600,neutral,2021,https://www.bricklink.com/v2/search.page?q=6023600#T=A
4275813,neutral,2021,https://www.bricklink.com/v2/search.page?q=4275813#T=A
4293300,neutral,2021,https://www.bricklink.com/v2/search.page?q=4293300#T=A
6143834,neutral,2021,https://www.bricklink.com/v2/search.page?q=6143834#T=A
6143839,neutral,2021,https://www.bricklink.com/v2/search.page?q=6143839#T=A
4612153,neutral,2021,https://www.bricklink.com/v2/search.page?q=4612153#T=A
6055507,neutral,2021,https://www.bricklink.com/v2/search.page?q=6055507#T=A
6058788,neutral,2021,https://www.bricklink.com/v2/search.page?q=6058788#T=A
6102597,neutral,2021,https://www.bricklink.com/v2/search.page?q=6102597#T=A
6112219,neutral,2021,https://www.bricklink.com/v2/search.page?q=6112219#T=A
6152450,female,2021,https://www.bricklink.com/v2/search.page?q=6152450#T=A
6152800,neutral,2021,https://www.bricklink.com/v2/search.page?q=6152800#T=A
6153136,neutral,2021,https://www.bricklink.com/v2/search.page?q=6153136#T=A
6155272,neutral,2021,https://www.bricklink.com/v2/search.page?q=6155272#T=A
6172536,male,2021,https://www.bricklink.com/v2/search.page?q=6172536#T=A
6223896,female,2021,https://www.bricklink.com/v2/search.page?q=6223896#T=A
6253594,female,2021,https://www.bricklink.com/v2/search.page?q=6253594#T=A
6097241,neutral,2021,https://www.bricklink.com/v2/search.page?q=6097241#T=A
6152679,neutral,2021,https://www.bricklink.com/v2/search.page?q=6152679#T=A
6153138,neutral,2021,https://www.bricklink.com/v2/search.page?q=6153138#T=A
6153139,neutral,2021,https://www.bricklink.com/v2/search.page?q=6153139#T=A
6153140,neutral,2021,https://www.bricklink.com/v2/search.page?q=6153140#T=A
6153141,neutral,2021,https://www.bricklink.com/v2/search.page?q=6153141#T=A
6174817,female,2021,https://www.bricklink.com/v2/search.page?q=6174817#T=A
6176217,female,2021,https://www.bricklink.com/v2/search.page?q=6176217#T=A
6176513,female,2021,https://www.bricklink.com/v2/search.page?q=6176513#T=A
6176658,female,2021,https://www.bricklink.com/v2/search.page?q=6176658#T=A
6192763,female,2021,https://www.bricklink.com/v2/search.page?q=6192763#T=A
6192789,neutral,2021,https://www.bricklink.com/v2/search.page?q=6192789#T=A
6210620,neutral,2021,https://www.bricklink.com/v2/search.page?q=6210620#T=A
6217108,neutral,2021,https://www.bricklink.com/v2/search.page?q=6217108#T=A
6219611,neutral,2021,https://www.bricklink.com/v2/search.page?q=6219611#T=A
6219621,neutral,2021,https://www.bricklink.com/v2/search.page?q=6219621#T=A
6219628,neutral,2021,https://www.bricklink.com/v2/search.page?q=6219628#T=A
6219630,male,2021,https://www.bricklink.com/v2/search.page?q=6219630#T=A
6223880,female,2021,https://www.bricklink.com/v2/search.page?q=6223880#T=A
6250484,neutral,2021,https://www.bricklink.com/v2/search.page?q=6250484#T=A
6251905,neutral,2021,https://www.bricklink.com/v2/search.page?q=6251905#T=A
6252270,neutral,2021,https://www.bricklink.com/v2/search.page?q=6252270#T=A
6254472,neutral,2021,https://www.bricklink.com/v2/search.page?q=6254472#T=A
6267984,neutral,2021,https://www.bricklink.com/v2/search.page?q=6267984#T=A
6270317,neutral,2021,https://www.bricklink.com/v2/search.page?q=6270317#T=A
6270390,neutral,2021,https://www.bricklink.com/v2/search.page?q=6270390#T=A
6270405,neutral,2021,https://www.bricklink.com/v2/search.page?q=6270405#T=A
6270439,male,2021,https://www.bricklink.com/v2/search.page?q=6270439#T=A
6270480,neutral,2021,https://www.bricklink.com/v2/search.page?q=6270480#T=A
6271410,neutral,2021,https://www.bricklink.com/v2/search.page?q=6271410#T=A
6283852,female,2021,https://www.bricklink.com/v2/search.page?q=6283852#T=A
6283869,neutral,2021,https://www.bricklink.com/v2/search.page?q=6283869#T=A
6283889,neutral,2021,https://www.bricklink.com/v2/search.page?q=6283889#T=A
6283908,female,2021,https://www.bricklink.com/v2/search.page?q=6283908#T=A
6283920,neutral,2021,https://www.bricklink.com/v2/search.page?q=6283920#T=A
6293876,male,2021,https://www.bricklink.com/v2/search.page?q=6293876#T=A
6309156,neutral,2021,https://www.bricklink.com/v2/search.page?q=6309156#T=A
6310489,neutral,2021,https://www.bricklink.com/v2/search.page?q=6310489#T=A
6310369,neutral,2021,https://www.bricklink.com/v2/search.page?q=6310369#T=A
6310483,neutral,2021,https://www.bricklink.com/v2/search.page?q=6310483#T=A
6310802,male,2021,https://www.bricklink.com/v2/search.page?q=6310802#T=A
6310914,male,2021,https://www.bricklink.com/v2/search.page?q=6310914#T=A
6312492,neutral,2021,https://www.bricklink.com/v2/search.page?q=6312492#T=A
6313021,neutral,2021,https://www.bricklink.com/v2/search.page?q=6313021#T=A
6316914,neutral,2021,https://www.bricklink.com/v2/search.page?q=6316914#T=A
6316918,female,2021,https://www.bricklink.com/v2/search.page?q=6316918#T=A
6327816,male,2021,https://www.bricklink.com/v2/search.page?q=6327816#T=A
6329646,neutral,2021,https://www.bricklink.com/v2/search.page?q=6329646#T=A
6330919,female,2021,https://www.bricklink.com/v2/search.page?q=6330919#T=A
6332017,neutral,2021,https://www.bricklink.com/v2/search.page?q=6332017#T=A
6332161,male,2021,https://www.bricklink.com/v2/search.page?q=6332161#T=A
6332270,neutral,2021,https://www.bricklink.com/v2/search.page?q=6332270#T=A
6335285,female,2021,https://www.bricklink.com/v2/search.page?q=6335285#T=A
6335812,neutral,2021,https://www.bricklink.com/v2/search.page?q=6335812#T=A
6335834,neutral,2021,https://www.bricklink.com/v2/search.page?q=6335834#T=A
6335898,neutral,2021,https://www.bricklink.com/v2/search.page?q=6335898#T=A
4549988,female,2021,https://www.bricklink.com/v2/search.page?q=4549988#T=A
4292298,neutral,2021,https://www.bricklink.com/v2/search.page?q=4292298#T=A
6056258,neutral,2021,https://www.bricklink.com/v2/search.page?q=6056258#T=A
6056326,neutral,2021,https://www.bricklink.com/v2/search.page?q=6056326#T=A
6107399,female,2021,https://www.bricklink.com/v2/search.page?q=6107399#T=A
6152194,female,2021,https://www.bricklink.com/v2/search.page?q=6152194#T=A
6153512,neutral,2021,https://www.bricklink.com/v2/search.page?q=6153512#T=A
6224041,female,2021,https://www.bricklink.com/v2/search.page?q=6224041#T=A
6224075,neutral,2021,https://www.bricklink.com/v2/search.page?q=6224075#T=A
6139568,female,2021,https://www.bricklink.com/v2/search.page?q=6139568#T=A
6176783,neutral,2021,https://www.bricklink.com/v2/search.page?q=6176783#T=A
6219624,male,2021,https://www.bricklink.com/v2/search.page?q=6219624#T=A
6231940,neutral,2021,https://www.bricklink.com/v2/search.page?q=6231940#T=A
6257940,neutral,2021,https://www.bricklink.com/v2/search.page?q=6257940#T=A
6267919,neutral,2021,https://www.bricklink.com/v2/search.page?q=6267919#T=A
6268491,neutral,2021,https://www.bricklink.com/v2/search.page?q=6268491#T=A
6270336,neutral,2021,https://www.bricklink.com/v2/search.page?q=6270336#T=A
6271205,female,2021,https://www.bricklink.com/v2/search.page?q=6271205#T=A
6283797,neutral,2021,https://www.bricklink.com/v2/search.page?q=6283797#T=A
6290548,neutral,2021,https://www.bricklink.com/v2/search.page?q=6290548#T=A
6302885,neutral,2021,https://www.bricklink.com/v2/search.page?q=6302885#T=A
6302503,neutral,2021,https://www.bricklink.com/v2/search.page?q=6302503#T=A
6308426,neutral,2021,https://www.bricklink.com/v2/search.page?q=6308426#T=A
4275461,neutral,2022,https://www.bricklink.com/v2/search.page?q=4275461#T=A
6058788,neutral,2022,https://www.bricklink.com/v2/search.page?q=6058788#T=A
6139568,female,2022,https://www.bricklink.com/v2/search.page?q=6139568#T=A
6313021,neutral,2022,https://www.bricklink.com/v2/search.page?q=6313021#T=A
6335769,neutral,2022,https://www.bricklink.com/v2/search.page?q=6335769#T=A
6335192,neutral,2022,https://www.bricklink.com/v2/search.page?q=6335192#T=A
6323023,neutral,2022,https://www.bricklink.com/v2/search.page?q=6323023#T=A
6368474,neutral,2022,https://www.bricklink.com/v2/search.page?q=6368474#T=A
6368622,neutral,2022,https://www.bricklink.com/v2/search.page?q=6368622#T=A
6368547,neutral,2022,https://www.bricklink.com/v2/search.page?q=6368547#T=A
6368548,neutral,2022,https://www.bricklink.com/v2/search.page?q=6368548#T=A
6368253,neutral,2022,https://www.bricklink.com/v2/search.page?q=6368253#T=A
6323025,neutral,2022,https://www.bricklink.com/v2/search.page?q=6323025#T=A
6023600,neutral,2022,https://www.bricklink.com/v2/search.page?q=6023600#T=A
4275815,neutral,2022,https://www.bricklink.com/v2/search.page?q=4275815#T=A
4275872,neutral,2022,https://www.bricklink.com/v2/search.page?q=4275872#T=A
4549988,female,2022,https://www.bricklink.com/v2/search.page?q=4549988#T=A
4293300,neutral,2022,https://www.bricklink.com/v2/search.page?q=4293300#T=A
4292298,neutral,2022,https://www.bricklink.com/v2/search.page?q=4292298#T=A
6143834,neutral,2022,https://www.bricklink.com/v2/search.page?q=6143834#T=A
6127357,male,2022,https://www.bricklink.com/v2/search.page?q=6127357#T=A
4612153,neutral,2022,https://www.bricklink.com/v2/search.page?q=4612153#T=A
6102566,neutral,2022,https://www.bricklink.com/v2/search.page?q=6102566#T=A
6102597,neutral,2022,https://www.bricklink.com/v2/search.page?q=6102597#T=A
6107399,female,2022,https://www.bricklink.com/v2/search.page?q=6107399#T=A
6112219,neutral,2022,https://www.bricklink.com/v2/search.page?q=6112219#T=A
6120210,neutral,2022,https://www.bricklink.com/v2/search.page?q=6120210#T=A
6152194,female,2022,https://www.bricklink.com/v2/search.page?q=6152194#T=A
6152450,female,2022,https://www.bricklink.com/v2/search.page?q=6152450#T=A
6152800,neutral,2022,https://www.bricklink.com/v2/search.page?q=6152800#T=A
6153136,neutral,2022,https://www.bricklink.com/v2/search.page?q=6153136#T=A
6153512,neutral,2022,https://www.bricklink.com/v2/search.page?q=6153512#T=A
6172536,male,2022,https://www.bricklink.com/v2/search.page?q=6172536#T=A
6224075,neutral,2022,https://www.bricklink.com/v2/search.page?q=6224075#T=A
6253594,female,2022,https://www.bricklink.com/v2/search.page?q=6253594#T=A
6253638,neutral,2022,https://www.bricklink.com/v2/search.page?q=6253638#T=A
6299168,neutral,2022,https://www.bricklink.com/v2/search.page?q=6299168#T=A
6299170,neutral,2022,https://www.bricklink.com/v2/search.page?q=6299170#T=A
6097241,neutral,2022,https://www.bricklink.com/v2/search.page?q=6097241#T=A
6152679,neutral,2022,https://www.bricklink.com/v2/search.page?q=6152679#T=A
6153138,neutral,2022,https://www.bricklink.com/v2/search.page?q=6153138#T=A
6153139,neutral,2022,https://www.bricklink.com/v2/search.page?q=6153139#T=A
6153140,neutral,2022,https://www.bricklink.com/v2/search.page?q=6153140#T=A
6153141,neutral,2022,https://www.bricklink.com/v2/search.page?q=6153141#T=A
6176217,female,2022,https://www.bricklink.com/v2/search.page?q=6176217#T=A
6176513,female,2022,https://www.bricklink.com/v2/search.page?q=6176513#T=A
6176658,female,2022,https://www.bricklink.com/v2/search.page?q=6176658#T=A
6176783,neutral,2022,https://www.bricklink.com/v2/search.page?q=6176783#T=A
6192763,female,2022,https://www.bricklink.com/v2/search.page?q=6192763#T=A
6192789,neutral,2022,https://www.bricklink.com/v2/search.page?q=6192789#T=A
6194403,male,2022,https://www.bricklink.com/v2/search.page?q=6194403#T=A
6205345,neutral,2022,https://www.bricklink.com/v2/search.page?q=6205345#T=A
6210620,neutral,2022,https://www.bricklink.com/v2/search.page?q=6210620#T=A
6219611,neutral,2022,https://www.bricklink.com/v2/search.page?q=6219611#T=A
6219621,neutral,2022,https://www.bricklink.com/v2/search.page?q=6219621#T=A
6219624,male,2022,https://www.bricklink.com/v2/search.page?q=6219624#T=A
6219626,neutral,2022,https://www.bricklink.com/v2/search.page?q=6219626#T=A
6223880,female,2022,https://www.bricklink.com/v2/search.page?q=6223880#T=A
6231940,neutral,2022,https://www.bricklink.com/v2/search.page?q=6231940#T=A
6245788,neutral,2022,https://www.bricklink.com/v2/search.page?q=6245788#T=A
6250484,neutral,2022,https://www.bricklink.com/v2/search.page?q=6250484#T=A
6251324,neutral,2022,https://www.bricklink.com/v2/search.page?q=6251324#T=A
6251905,neutral,2022,https://www.bricklink.com/v2/search.page?q=6251905#T=A
6252270,neutral,2022,https://www.bricklink.com/v2/search.page?q=6252270#T=A
6254472,neutral,2022,https://www.bricklink.com/v2/search.page?q=6254472#T=A
6267919,neutral,2022,https://www.bricklink.com/v2/search.page?q=6267919#T=A
6268491,neutral,2022,https://www.bricklink.com/v2/search.page?q=6268491#T=A
6270336,neutral,2022,https://www.bricklink.com/v2/search.page?q=6270336#T=A
6270390,neutral,2022,https://www.bricklink.com/v2/search.page?q=6270390#T=A
6270405,neutral,2022,https://www.bricklink.com/v2/search.page?q=6270405#T=A
6270439,male,2022,https://www.bricklink.com/v2/search.page?q=6270439#T=A
6270480,neutral,2022,https://www.bricklink.com/v2/search.page?q=6270480#T=A
6271140,neutral,2022,https://www.bricklink.com/v2/search.page?q=6271140#T=A
6271205,female,2022,https://www.bricklink.com/v2/search.page?q=6271205#T=A
6271410,neutral,2022,https://www.bricklink.com/v2/search.page?q=6271410#T=A
6271751,neutral,2022,https://www.bricklink.com/v2/search.page?q=6271751#T=A
6275092,neutral,2022,https://www.bricklink.com/v2/search.page?q=6275092#T=A
6275889,neutral,2022,https://www.bricklink.com/v2/search.page?q=6275889#T=A
6283797,neutral,2022,https://www.bricklink.com/v2/search.page?q=6283797#T=A
6283852,female,2022,https://www.bricklink.com/v2/search.page?q=6283852#T=A
6283869,neutral,2022,https://www.bricklink.com/v2/search.page?q=6283869#T=A
6283889,neutral,2022,https://www.bricklink.com/v2/search.page?q=6283889#T=A
6283908,female,2022,https://www.bricklink.com/v2/search.page?q=6283908#T=A
6283920,neutral,2022,https://www.bricklink.com/v2/search.page?q=6283920#T=A
6293876,male,2022,https://www.bricklink.com/v2/search.page?q=6293876#T=A
6293400,female,2022,https://www.bricklink.com/v2/search.page?q=6293400#T=A
6294404,neutral,2022,https://www.bricklink.com/v2/search.page?q=6294404#T=A
6294699,neutral,2022,https://www.bricklink.com/v2/search.page?q=6294699#T=A
6301950,neutral,2022,https://www.bricklink.com/v2/search.page?q=6301950#T=A
6301986,neutral,2022,https://www.bricklink.com/v2/search.page?q=6301986#T=A
6306690,female,2022,https://www.bricklink.com/v2/search.page?q=6306690#T=A
6308556,neutral,2022,https://www.bricklink.com/v2/search.page?q=6308556#T=A
6310489,neutral,2022,https://www.bricklink.com/v2/search.page?q=6310489#T=A
6310369,neutral,2022,https://www.bricklink.com/v2/search.page?q=6310369#T=A
6310483,neutral,2022,https://www.bricklink.com/v2/search.page?q=6310483#T=A
6310580,neutral,2022,https://www.bricklink.com/v2/search.page?q=6310580#T=A
6312492,neutral,2022,https://www.bricklink.com/v2/search.page?q=6312492#T=A
6316914,neutral,2022,https://www.bricklink.com/v2/search.page?q=6316914#T=A
6316918,female,2022,https://www.bricklink.com/v2/search.page?q=6316918#T=A
6329646,neutral,2022,https://www.bricklink.com/v2/search.page?q=6329646#T=A
6330919,female,2022,https://www.bricklink.com/v2/search.page?q=6330919#T=A
6332017,neutral,2022,https://www.bricklink.com/v2/search.page?q=6332017#T=A
6332161,male,2022,https://www.bricklink.com/v2/search.page?q=6332161#T=A
6332270,neutral,2022,https://www.bricklink.com/v2/search.page?q=6332270#T=A
6332022,neutral,2022,https://www.bricklink.com/v2/search.page?q=6332022#T=A
6335285,female,2022,https://www.bricklink.com/v2/search.page?q=6335285#T=A
4221771,neutral,2015,https://www.bricklink.com/v2/search.page?q=4221771#T=A
4221771,neutral,2016,https://www.bricklink.com/v2/search.page?q=4221771#T=A
4221771,neutral,2017,https://www.bricklink.com/v2/search.page?q=4221771#T=A
4275491,neutral,2015,https://www.bricklink.com/v2/search.page?q=4275491#T=A
4275535,neutral,2015,https://www.bricklink.com/v2/search.page?q=4275535#T=A
4275535,neutral,2016,https://www.bricklink.com/v2/search.page?q=4275535#T=A
4275535,neutral,2017,https://www.bricklink.com/v2/search.page?q=4275535#T=A
4275535,neutral,2018,https://www.bricklink.com/v2/search.page?q=4275535#T=A
4275536,neutral,2015,https://www.bricklink.com/v2/search.page?q=4275536#T=A
4275536,neutral,2016,https://www.bricklink.com/v2/search.page?q=4275536#T=A
4275536,neutral,2017,https://www.bricklink.com/v2/search.page?q=4275536#T=A
4275536,neutral,2018,https://www.bricklink.com/v2/search.page?q=4275536#T=A
4275536,neutral,2019,https://www.bricklink.com/v2/search.page?q=4275536#T=A
4275536,neutral,2020,https://www.bricklink.com/v2/search.page?q=4275536#T=A
4275540,neutral,2015,https://www.bricklink.com/v2/search.page?q=4275540#T=A
4275585,male,2015,https://www.bricklink.com/v2/search.page?q=4275585#T=A
4275585,male,2016,https://www.bricklink.com/v2/search.page?q=4275585#T=A
4275585,male,2017,https://www.bricklink.com/v2/search.page?q=4275585#T=A
4275606,neutral,2015,https://www.bricklink.com/v2/search.page?q=4275606#T=A
4275606,neutral,2016,https://www.bricklink.com/v2/search.page?q=4275606#T=A
4275606,neutral,2017,https://www.bricklink.com/v2/search.page?q=4275606#T=A
4275606,neutral,2018,https://www.bricklink.com/v2/search.page?q=4275606#T=A
4275606,neutral,2019,https://www.bricklink.com/v2/search.page?q=4275606#T=A
4275606,neutral,2020,https://www.bricklink.com/v2/search.page?q=4275606#T=A
4275821,neutral,2015,https://www.bricklink.com/v2/search.page?q=4275821#T=A
4275827,neutral,2015,https://www.bricklink.com/v2/search.page?q=4275827#T=A
4275827,neutral,2016,https://www.bricklink.com/v2/search.page?q=4275827#T=A
4275888,neutral,2015,https://www.bricklink.com/v2/search.page?q=4275888#T=A
4275888,neutral,2016,https://www.bricklink.com/v2/search.page?q=4275888#T=A
4275888,neutral,2017,https://www.bricklink.com/v2/search.page?q=4275888#T=A
4287014,neutral,2015,https://www.bricklink.com/v2/search.page?q=4287014#T=A
4287014,neutral,2016,https://www.bricklink.com/v2/search.page?q=4287014#T=A
4287014,neutral,2017,https://www.bricklink.com/v2/search.page?q=4287014#T=A
4288003,neutral,2015,https://www.bricklink.com/v2/search.page?q=4288003#T=A
4288003,neutral,2016,https://www.bricklink.com/v2/search.page?q=4288003#T=A
4288003,neutral,2017,https://www.bricklink.com/v2/search.page?q=4288003#T=A
4288003,neutral,2018,https://www.bricklink.com/v2/search.page?q=4288003#T=A
4502268,neutral,2015,https://www.bricklink.com/v2/search.page?q=4502268#T=A
4502268,neutral,2016,https://www.bricklink.com/v2/search.page?q=4502268#T=A
4502268,neutral,2017,https://www.bricklink.com/v2/search.page?q=4502268#T=A
4502268,neutral,2018,https://www.bricklink.com/v2/search.page?q=4502268#T=A
4502268,neutral,2019,https://www.bricklink.com/v2/search.page?q=4502268#T=A
4502268,neutral,2020,https://www.bricklink.com/v2/search.page?q=4502268#T=A
4519938,neutral,2015,https://www.bricklink.com/v2/search.page?q=4519938#T=A
4519938,neutral,2016,https://www.bricklink.com/v2/search.page?q=4519938#T=A
4521562,neutral,2015,https://www.bricklink.com/v2/search.page?q=4521562#T=A
4521562,neutral,2016,https://www.bricklink.com/v2/search.page?q=4521562#T=A
4521562,neutral,2017,https://www.bricklink.com/v2/search.page?q=4521562#T=A
4521562,neutral,2018,https://www.bricklink.com/v2/search.page?q=4521562#T=A
4540429,neutral,2015,https://www.bricklink.com/v2/search.page?q=4540429#T=A
4540738,female,2015,https://www.bricklink.com/v2/search.page?q=4540738#T=A
4540738,female,2016,https://www.bricklink.com/v2/search.page?q=4540738#T=A
4540738,female,2017,https://www.bricklink.com/v2/search.page?q=4540738#T=A
4540738,female,2018,https://www.bricklink.com/v2/search.page?q=4540738#T=A
4540738,female,2019,https://www.bricklink.com/v2/search.page?q=4540738#T=A
4540738,female,2020,https://www.bricklink.com/v2/search.page?q=4540738#T=A
4541064,female,2015,https://www.bricklink.com/v2/search.page?q=4541064#T=A
4541064,female,2016,https://www.bricklink.com/v2/search.page?q=4541064#T=A
4548877,neutral,2015,https://www.bricklink.com/v2/search.page?q=4548877#T=A
4548877,neutral,2016,https://www.bricklink.com/v2/search.page?q=4548877#T=A
4548877,neutral,2017,https://www.bricklink.com/v2/search.page?q=4548877#T=A
4548877,neutral,2018,https://www.bricklink.com/v2/search.page?q=4548877#T=A
4549942,neutral,2015,https://www.bricklink.com/v2/search.page?q=4549942#T=A
4549942,neutral,2016,https://www.bricklink.com/v2/search.page?q=4549942#T=A
4549942,neutral,2017,https://www.bricklink.com/v2/search.page?q=4549942#T=A
4549942,neutral,2018,https://www.bricklink.com/v2/search.page?q=4549942#T=A
4549942,neutral,2019,https://www.bricklink.com/v2/search.page?q=4549942#T=A
4552605,neutral,2015,https://www.bricklink.com/v2/search.page?q=4552605#T=A
4552605,neutral,2016,https://www.bricklink.com/v2/search.page?q=4552605#T=A
4552605,neutral,2017,https://www.bricklink.com/v2/search.page?q=4552605#T=A
4552605,neutral,2018,https://www.bricklink.com/v2/search.page?q=4552605#T=A
4570026,neutral,2015,https://www.bricklink.com/v2/search.page?q=4570026#T=A
4570026,neutral,2016,https://www.bricklink.com/v2/search.page?q=4570026#T=A
4570026,neutral,2017,https://www.bricklink.com/v2/search.page?q=4570026#T=A
4570026,neutral,2018,https://www.bricklink.com/v2/search.page?q=4570026#T=A
4570026,neutral,2019,https://www.bricklink.com/v2/search.page?q=4570026#T=A
4570026,neutral,2020,https://www.bricklink.com/v2/search.page?q=4570026#T=A
4570666,female,2015,https://www.bricklink.com/v2/search.page?q=4570666#T=A
4580475,female,2015,https://www.bricklink.com/v2/search.page?q=4580475#T=A
4580475,female,2016,https://www.bricklink.com/v2/search.page?q=4580475#T=A
4580475,female,2017,https://www.bricklink.com/v2/search.page?q=4580475#T=A
4580475,female,2018,https://www.bricklink.com/v2/search.page?q=4580475#T=A
4580475,female,2019,https://www.bricklink.com/v2/search.page?q=4580475#T=A
4586503,female,2015,https://www.bricklink.com/v2/search.page?q=4586503#T=A
4586503,female,2016,https://www.bricklink.com/v2/search.page?q=4586503#T=A
4586503,female,2017,https://www.bricklink.com/v2/search.page?q=4586503#T=A
4586503,female,2018,https://www.bricklink.com/v2/search.page?q=4586503#T=A
4586503,female,2019,https://www.bricklink.com/v2/search.page?q=4586503#T=A
4586503,female,2020,https://www.bricklink.com/v2/search.page?q=4586503#T=A
4586882,neutral,2015,https://www.bricklink.com/v2/search.page?q=4586882#T=A
4586882,neutral,2016,https://www.bricklink.com/v2/search.page?q=4586882#T=A
4586882,neutral,2017,https://www.bricklink.com/v2/search.page?q=4586882#T=A
4586882,neutral,2018,https://www.bricklink.com/v2/search.page?q=4586882#T=A
4625823,neutral,2015,https://www.bricklink.com/v2/search.page?q=4625823#T=A
4625823,neutral,2016,https://www.bricklink.com/v2/search.page?q=4625823#T=A
4629943,female,2015,https://www.bricklink.com/v2/search.page?q=4629943#T=A
4629943,female,2016,https://www.bricklink.com/v2/search.page?q=4629943#T=A
4629943,female,2017,https://www.bricklink.com/v2/search.page?q=4629943#T=A
4629943,female,2018,https://www.bricklink.com/v2/search.page?q=4629943#T=A
4629972,neutral,2015,https://www.bricklink.com/v2/search.page?q=4629972#T=A
4629972,neutral,2016,https://www.bricklink.com/v2/search.page?q=4629972#T=A
4629972,neutral,2017,https://www.bricklink.com/v2/search.page?q=4629972#T=A
4629972,neutral,2018,https://www.bricklink.com/v2/search.page?q=4629972#T=A
4629972,neutral,2019,https://www.bricklink.com/v2/search.page?q=4629972#T=A
4629972,neutral,2020,https://www.bricklink.com/v2/search.page?q=4629972#T=A
4638373,neutral,2015,https://www.bricklink.com/v2/search.page?q=4638373#T=A
4638373,neutral,2016,https://www.bricklink.com/v2/search.page?q=4638373#T=A
4638373,neutral,2017,https://www.bricklink.com/v2/search.page?q=4638373#T=A
4638373,neutral,2018,https://www.bricklink.com/v2/search.page?q=4638373#T=A
4649274,female,2015,https://www.bricklink.com/v2/search.page?q=4649274#T=A
4649274,female,2016,https://www.bricklink.com/v2/search.page?q=4649274#T=A
4649274,female,2017,https://www.bricklink.com/v2/search.page?q=4649274#T=A
4649274,female,2018,https://www.bricklink.com/v2/search.page?q=4649274#T=A
4649274,female,2019,https://www.bricklink.com/v2/search.page?q=4649274#T=A
4651211,neutral,2015,https://www.bricklink.com/v2/search.page?q=4651211#T=A
4651211,neutral,2016,https://www.bricklink.com/v2/search.page?q=4651211#T=A
4651703,neutral,2019,https://www.bricklink.com/v2/search.page?q=4651703#T=A
6009516,neutral,2015,https://www.bricklink.com/v2/search.page?q=6009516#T=A
6009516,neutral,2016,https://www.bricklink.com/v2/search.page?q=6009516#T=A
6018492,neutral,2015,https://www.bricklink.com/v2/search.page?q=6018492#T=A
6018496,neutral,2015,https://www.bricklink.com/v2/search.page?q=6018496#T=A
6018507,neutral,2015,https://www.bricklink.com/v2/search.page?q=6018507#T=A
6018507,neutral,2016,https://www.bricklink.com/v2/search.page?q=6018507#T=A
6018507,neutral,2017,https://www.bricklink.com/v2/search.page?q=6018507#T=A
6018507,neutral,2018,https://www.bricklink.com/v2/search.page?q=6018507#T=A
6018507,neutral,2019,https://www.bricklink.com/v2/search.page?q=6018507#T=A
6018507,neutral,2020,https://www.bricklink.com/v2/search.page?q=6018507#T=A
6018686,neutral,2015,https://www.bricklink.com/v2/search.page?q=6018686#T=A
6021860,neutral,2015,https://www.bricklink.com/v2/search.page?q=6021860#T=A
6021860,neutral,2016,https://www.bricklink.com/v2/search.page?q=6021860#T=A
6021860,neutral,2017,https://www.bricklink.com/v2/search.page?q=6021860#T=A
6021860,neutral,2018,https://www.bricklink.com/v2/search.page?q=6021860#T=A
6022385,neutral,2015,https://www.bricklink.com/v2/search.page?q=6022385#T=A
6022385,neutral,2016,https://www.bricklink.com/v2/search.page?q=6022385#T=A
6022385,neutral,2017,https://www.bricklink.com/v2/search.page?q=6022385#T=A
6022401,neutral,2015,https://www.bricklink.com/v2/search.page?q=6022401#T=A
6022401,neutral,2016,https://www.bricklink.com/v2/search.page?q=6022401#T=A
6022401,neutral,2017,https://www.bricklink.com/v2/search.page?q=6022401#T=A
6022401,neutral,2018,https://www.bricklink.com/v2/search.page?q=6022401#T=A
6022401,neutral,2019,https://www.bricklink.com/v2/search.page?q=6022401#T=A
6022406,male,2015,https://www.bricklink.com/v2/search.page?q=6022406#T=A
6022406,male,2016,https://www.bricklink.com/v2/search.page?q=6022406#T=A
6022406,male,2017,https://www.bricklink.com/v2/search.page?q=6022406#T=A
6022406,male,2018,https://www.bricklink.com/v2/search.page?q=6022406#T=A
6022406,male,2019,https://www.bricklink.com/v2/search.page?q=6022406#T=A
6022417,neutral,2015,https://www.bricklink.com/v2/search.page?q=6022417#T=A
6022417,neutral,2016,https://www.bricklink.com/v2/search.page?q=6022417#T=A
6022417,neutral,2017,https://www.bricklink.com/v2/search.page?q=6022417#T=A
6022417,neutral,2018,https://www.bricklink.com/v2/search.page?q=6022417#T=A
6022417,neutral,2019,https://www.bricklink.com/v2/search.page?q=6022417#T=A
6022417,neutral,2020,https://www.bricklink.com/v2/search.page?q=6022417#T=A
6022432,male,2015,https://www.bricklink.com/v2/search.page?q=6022432#T=A
6022432,male,2016,https://www.bricklink.com/v2/search.page?q=6022432#T=A
6022432,male,2017,https://www.bricklink.com/v2/search.page?q=6022432#T=A
6022432,male,2018,https://www.bricklink.com/v2/search.page?q=6022432#T=A
6022452,neutral,2015,https://www.bricklink.com/v2/search.page?q=6022452#T=A
6022452,neutral,2016,https://www.bricklink.com/v2/search.page?q=6022452#T=A
6022452,neutral,2017,https://www.bricklink.com/v2/search.page?q=6022452#T=A
6022452,neutral,2018,https://www.bricklink.com/v2/search.page?q=6022452#T=A
6022465,neutral,2015,https://www.bricklink.com/v2/search.page?q=6022465#T=A
6022465,neutral,2016,https://www.bricklink.com/v2/search.page?q=6022465#T=A
6022484,neutral,2015,https://www.bricklink.com/v2/search.page?q=6022484#T=A
6022484,neutral,2016,https://www.bricklink.com/v2/search.page?q=6022484#T=A
6022488,male,2015,https://www.bricklink.com/v2/search.page?q=6022488#T=A
6022488,male,2016,https://www.bricklink.com/v2/search.page?q=6022488#T=A
6023459,neutral,2015,https://www.bricklink.com/v2/search.page?q=6023459#T=A
6023459,neutral,2016,https://www.bricklink.com/v2/search.page?q=6023459#T=A
6023459,neutral,2017,https://www.bricklink.com/v2/search.page?q=6023459#T=A
6023459,neutral,2018,https://www.bricklink.com/v2/search.page?q=6023459#T=A
6023556,neutral,2015,https://www.bricklink.com/v2/search.page?q=6023556#T=A
6023556,neutral,2016,https://www.bricklink.com/v2/search.page?q=6023556#T=A
6023556,neutral,2017,https://www.bricklink.com/v2/search.page?q=6023556#T=A
6023556,neutral,2018,https://www.bricklink.com/v2/search.page?q=6023556#T=A
6023556,neutral,2019,https://www.bricklink.com/v2/search.page?q=6023556#T=A
6023556,neutral,2020,https://www.bricklink.com/v2/search.page?q=6023556#T=A
6023572,neutral,2015,https://www.bricklink.com/v2/search.page?q=6023572#T=A
6023572,neutral,2016,https://www.bricklink.com/v2/search.page?q=6023572#T=A
6023572,neutral,2017,https://www.bricklink.com/v2/search.page?q=6023572#T=A
6023572,neutral,2018,https://www.bricklink.com/v2/search.page?q=6023572#T=A
6023572,neutral,2019,https://www.bricklink.com/v2/search.page?q=6023572#T=A
6023572,neutral,2020,https://www.bricklink.com/v2/search.page?q=6023572#T=A
6023601,male,2015,https://www.bricklink.com/v2/search.page?q=6023601#T=A
6023601,male,2016,https://www.bricklink.com/v2/search.page?q=6023601#T=A
6023605,male,2015,https://www.bricklink.com/v2/search.page?q=6023605#T=A
6023605,male,2016,https://www.bricklink.com/v2/search.page?q=6023605#T=A
6023605,male,2017,https://www.bricklink.com/v2/search.page?q=6023605#T=A
6023605,male,2018,https://www.bricklink.com/v2/search.page?q=6023605#T=A
6023605,male,2019,https://www.bricklink.com/v2/search.page?q=6023605#T=A
6023605,male,2020,https://www.bricklink.com/v2/search.page?q=6023605#T=A
6023608,neutral,2015,https://www.bricklink.com/v2/search.page?q=6023608#T=A
6023608,neutral,2016,https://www.bricklink.com/v2/search.page?q=6023608#T=A
6023608,neutral,2017,https://www.bricklink.com/v2/search.page?q=6023608#T=A
6023608,neutral,2018,https://www.bricklink.com/v2/search.page?q=6023608#T=A
6023608,neutral,2019,https://www.bricklink.com/v2/search.page?q=6023608#T=A
6023608,neutral,2020,https://www.bricklink.com/v2/search.page?q=6023608#T=A
6023609,neutral,2015,https://www.bricklink.com/v2/search.page?q=6023609#T=A
6023609,neutral,2016,https://www.bricklink.com/v2/search.page?q=6023609#T=A
6023613,neutral,2015,https://www.bricklink.com/v2/search.page?q=6023613#T=A
6023613,neutral,2016,https://www.bricklink.com/v2/search.page?q=6023613#T=A
6023650,neutral,2015,https://www.bricklink.com/v2/search.page?q=6023650#T=A
6023650,neutral,2016,https://www.bricklink.com/v2/search.page?q=6023650#T=A
6023650,neutral,2017,https://www.bricklink.com/v2/search.page?q=6023650#T=A
6023650,neutral,2019,https://www.bricklink.com/v2/search.page?q=6023650#T=A
6023650,neutral,2020,https://www.bricklink.com/v2/search.page?q=6023650#T=A
6023666,female,2015,https://www.bricklink.com/v2/search.page?q=6023666#T=A
6023666,female,2016,https://www.bricklink.com/v2/search.page?q=6023666#T=A
6023666,female,2017,https://www.bricklink.com/v2/search.page?q=6023666#T=A
6023666,female,2018,https://www.bricklink.com/v2/search.page?q=6023666#T=A
6023666,female,2019,https://www.bricklink.com/v2/search.page?q=6023666#T=A
6023666,female,2020,https://www.bricklink.com/v2/search.page?q=6023666#T=A
6023918,female,2015,https://www.bricklink.com/v2/search.page?q=6023918#T=A
6023965,neutral,2015,https://www.bricklink.com/v2/search.page?q=6023965#T=A
6023965,neutral,2016,https://www.bricklink.com/v2/search.page?q=6023965#T=A
6024018,neutral,2015,https://www.bricklink.com/v2/search.page?q=6024018#T=A
6024018,neutral,2016,https://www.bricklink.com/v2/search.page?q=6024018#T=A
6024018,neutral,2017,https://www.bricklink.com/v2/search.page?q=6024018#T=A
6024018,neutral,2018,https://www.bricklink.com/v2/search.page?q=6024018#T=A
6024018,neutral,2019,https://www.bricklink.com/v2/search.page?q=6024018#T=A
6024018,neutral,2020,https://www.bricklink.com/v2/search.page?q=6024018#T=A
6024067,female,2015,https://www.bricklink.com/v2/search.page?q=6024067#T=A
6024067,female,2016,https://www.bricklink.com/v2/search.page?q=6024067#T=A
6024067,female,2017,https://www.bricklink.com/v2/search.page?q=6024067#T=A
6024067,female,2018,https://www.bricklink.com/v2/search.page?q=6024067#T=A
6024067,female,2019,https://www.bricklink.com/v2/search.page?q=6024067#T=A
6024067,female,2020,https://www.bricklink.com/v2/search.page?q=6024067#T=A
6029181,neutral,2015,https://www.bricklink.com/v2/search.page?q=6029181#T=A
6029181,neutral,2016,https://www.bricklink.com/v2/search.page?q=6029181#T=A
6029181,neutral,2017,https://www.bricklink.com/v2/search.page?q=6029181#T=A
6029777,male,2015,https://www.bricklink.com/v2/search.page?q=6029777#T=A
6029777,male,2016,https://www.bricklink.com/v2/search.page?q=6029777#T=A
6029944,male,2015,https://www.bricklink.com/v2/search.page?q=6029944#T=A
6029944,male,2016,https://www.bricklink.com/v2/search.page?q=6029944#T=A
6029944,male,2017,https://www.bricklink.com/v2/search.page?q=6029944#T=A
6031085,neutral,2015,https://www.bricklink.com/v2/search.page?q=6031085#T=A
6031085,neutral,2016,https://www.bricklink.com/v2/search.page?q=6031085#T=A
6031085,neutral,2017,https://www.bricklink.com/v2/search.page?q=6031085#T=A
6031085,neutral,2018,https://www.bricklink.com/v2/search.page?q=6031085#T=A
6031982,neutral,2015,https://www.bricklink.com/v2/search.page?q=6031982#T=A
6031982,neutral,2016,https://www.bricklink.com/v2/search.page?q=6031982#T=A
6031982,neutral,2017,https://www.bricklink.com/v2/search.page?q=6031982#T=A
6031982,neutral,2018,https://www.bricklink.com/v2/search.page?q=6031982#T=A
6031982,neutral,2019,https://www.bricklink.com/v2/search.page?q=6031982#T=A
6031982,neutral,2020,https://www.bricklink.com/v2/search.page?q=6031982#T=A
6032070,female,2015,https://www.bricklink.com/v2/search.page?q=6032070#T=A
6032070,female,2016,https://www.bricklink.com/v2/search.page?q=6032070#T=A
6032070,female,2017,https://www.bricklink.com/v2/search.page?q=6032070#T=A
6032070,female,2018,https://www.bricklink.com/v2/search.page?q=6032070#T=A
6032091,neutral,2015,https://www.bricklink.com/v2/search.page?q=6032091#T=A
6032091,neutral,2016,https://www.bricklink.com/v2/search.page?q=6032091#T=A
6032091,neutral,2017,https://www.bricklink.com/v2/search.page?q=6032091#T=A
6032093,neutral,2015,https://www.bricklink.com/v2/search.page?q=6032093#T=A
6032093,neutral,2016,https://www.bricklink.com/v2/search.page?q=6032093#T=A
6032093,neutral,2017,https://www.bricklink.com/v2/search.page?q=6032093#T=A
6032093,neutral,2018,https://www.bricklink.com/v2/search.page?q=6032093#T=A
6032093,neutral,2019,https://www.bricklink.com/v2/search.page?q=6032093#T=A
6032107,neutral,2015,https://www.bricklink.com/v2/search.page?q=6032107#T=A
6032107,neutral,2016,https://www.bricklink.com/v2/search.page?q=6032107#T=A
6032107,neutral,2017,https://www.bricklink.com/v2/search.page?q=6032107#T=A
6032107,neutral,2018,https://www.bricklink.com/v2/search.page?q=6032107#T=A
6032107,neutral,2019,https://www.bricklink.com/v2/search.page?q=6032107#T=A
6032107,neutral,2020,https://www.bricklink.com/v2/search.page?q=6032107#T=A
6032144,neutral,2015,https://www.bricklink.com/v2/search.page?q=6032144#T=A
6032144,neutral,2016,https://www.bricklink.com/v2/search.page?q=6032144#T=A
6032144,neutral,2017,https://www.bricklink.com/v2/search.page?q=6032144#T=A
6032165,neutral,2015,https://www.bricklink.com/v2/search.page?q=6032165#T=A
6032165,neutral,2016,https://www.bricklink.com/v2/search.page?q=6032165#T=A
6032165,neutral,2017,https://www.bricklink.com/v2/search.page?q=6032165#T=A
6032165,neutral,2018,https://www.bricklink.com/v2/search.page?q=6032165#T=A
6032165,neutral,2019,https://www.bricklink.com/v2/search.page?q=6032165#T=A
6032165,neutral,2020,https://www.bricklink.com/v2/search.page?q=6032165#T=A
6032232,female,2015,https://www.bricklink.com/v2/search.page?q=6032232#T=A
6032232,female,2016,https://www.bricklink.com/v2/search.page?q=6032232#T=A
6032232,female,2017,https://www.bricklink.com/v2/search.page?q=6032232#T=A
6032232,female,2018,https://www.bricklink.com/v2/search.page?q=6032232#T=A
6032232,female,2019,https://www.bricklink.com/v2/search.page?q=6032232#T=A
6032232,female,2020,https://www.bricklink.com/v2/search.page?q=6032232#T=A
6032234,neutral,2016,https://www.bricklink.com/v2/search.page?q=6032234#T=A
6032239,neutral,2015,https://www.bricklink.com/v2/search.page?q=6032239#T=A
6032681,neutral,2015,https://www.bricklink.com/v2/search.page?q=6032681#T=A
6032681,neutral,2016,https://www.bricklink.com/v2/search.page?q=6032681#T=A
6039758,neutral,2015,https://www.bricklink.com/v2/search.page?q=6039758#T=A
6039759,neutral,2015,https://www.bricklink.com/v2/search.page?q=6039759#T=A
6039762,neutral,2015,https://www.bricklink.com/v2/search.page?q=6039762#T=A
6047567,neutral,2015,https://www.bricklink.com/v2/search.page?q=6047567#T=A
6047567,neutral,2016,https://www.bricklink.com/v2/search.page?q=6047567#T=A
6054649,neutral,2015,https://www.bricklink.com/v2/search.page?q=6054649#T=A
6054670,neutral,2015,https://www.bricklink.com/v2/search.page?q=6054670#T=A
6054670,neutral,2016,https://www.bricklink.com/v2/search.page?q=6054670#T=A
6054670,neutral,2017,https://www.bricklink.com/v2/search.page?q=6054670#T=A
6054687,neutral,2015,https://www.bricklink.com/v2/search.page?q=6054687#T=A
6054687,neutral,2016,https://www.bricklink.com/v2/search.page?q=6054687#T=A
6054687,neutral,2017,https://www.bricklink.com/v2/search.page?q=6054687#T=A
6055271,neutral,2015,https://www.bricklink.com/v2/search.page?q=6055271#T=A
6055271,neutral,2016,https://www.bricklink.com/v2/search.page?q=6055271#T=A
6055887,neutral,2015,https://www.bricklink.com/v2/search.page?q=6055887#T=A
6055887,neutral,2016,https://www.bricklink.com/v2/search.page?q=6055887#T=A
6056458,neutral,2015,https://www.bricklink.com/v2/search.page?q=6056458#T=A
6056458,neutral,2016,https://www.bricklink.com/v2/search.page?q=6056458#T=A
6056458,neutral,2017,https://www.bricklink.com/v2/search.page?q=6056458#T=A
6057730,female,2015,https://www.bricklink.com/v2/search.page?q=6057730#T=A
6057730,female,2016,https://www.bricklink.com/v2/search.page?q=6057730#T=A
6057730,female,2017,https://www.bricklink.com/v2/search.page?q=6057730#T=A
6057730,female,2018,https://www.bricklink.com/v2/search.page?q=6057730#T=A
6057778,neutral,2015,https://www.bricklink.com/v2/search.page?q=6057778#T=A
6061595,neutral,2015,https://www.bricklink.com/v2/search.page?q=6061595#T=A
6061595,neutral,2016,https://www.bricklink.com/v2/search.page?q=6061595#T=A
6063282,female,2015,https://www.bricklink.com/v2/search.page?q=6063282#T=A
6063282,female,2016,https://www.bricklink.com/v2/search.page?q=6063282#T=A
6063282,female,2017,https://www.bricklink.com/v2/search.page?q=6063282#T=A
6063282,female,2018,https://www.bricklink.com/v2/search.page?q=6063282#T=A
6063282,female,2019,https://www.bricklink.com/v2/search.page?q=6063282#T=A
6068060,neutral,2015,https://www.bricklink.com/v2/search.page?q=6068060#T=A
6073090,female,2015,https://www.bricklink.com/v2/search.page?q=6073090#T=A
6074864,neutral,2015,https://www.bricklink.com/v2/search.page?q=6074864#T=A
6074988,neutral,2015,https://www.bricklink.com/v2/search.page?q=6074988#T=A
6075056,neutral,2015,https://www.bricklink.com/v2/search.page?q=6075056#T=A
6075056,neutral,2016,https://www.bricklink.com/v2/search.page?q=6075056#T=A
6075056,neutral,2017,https://www.bricklink.com/v2/search.page?q=6075056#T=A
6075275,neutral,2015,https://www.bricklink.com/v2/search.page?q=6075275#T=A
6076153,neutral,2015,https://www.bricklink.com/v2/search.page?q=6076153#T=A
6076156,neutral,2015,https://www.bricklink.com/v2/search.page?q=6076156#T=A
6079757,neutral,2015,https://www.bricklink.com/v2/search.page?q=6079757#T=A
6079760,neutral,2015,https://www.bricklink.com/v2/search.page?q=6079760#T=A
6079760,neutral,2016,https://www.bricklink.com/v2/search.page?q=6079760#T=A
6079760,neutral,2017,https://www.bricklink.com/v2/search.page?q=6079760#T=A
6079832,neutral,2015,https://www.bricklink.com/v2/search.page?q=6079832#T=A
6079859,neutral,2015,https://www.bricklink.com/v2/search.page?q=6079859#T=A
6081286,neutral,2015,https://www.bricklink.com/v2/search.page?q=6081286#T=A
6081331,female,2015,https://www.bricklink.com/v2/search.page?q=6081331#T=A
6081338,neutral,2015,https://www.bricklink.com/v2/search.page?q=6081338#T=A
6081356,neutral,2015,https://www.bricklink.com/v2/search.page?q=6081356#T=A
6081403,neutral,2015,https://www.bricklink.com/v2/search.page?q=6081403#T=A
6081410,neutral,2015,https://www.bricklink.com/v2/search.page?q=6081410#T=A
6081905,neutral,2015,https://www.bricklink.com/v2/search.page?q=6081905#T=A
6081911,neutral,2015,https://www.bricklink.com/v2/search.page?q=6081911#T=A
6089142,neutral,2015,https://www.bricklink.com/v2/search.page?q=6089142#T=A
6089142,neutral,2016,https://www.bricklink.com/v2/search.page?q=6089142#T=A
6089142,neutral,2017,https://www.bricklink.com/v2/search.page?q=6089142#T=A
6089190,neutral,2015,https://www.bricklink.com/v2/search.page?q=6089190#T=A
6092837,male,2015,https://www.bricklink.com/v2/search.page?q=6092837#T=A
6097582,neutral,2016,https://www.bricklink.com/v2/search.page?q=6097582#T=A
6099418,neutral,2016,https://www.bricklink.com/v2/search.page?q=6099418#T=A
6099653,male,2016,https://www.bricklink.com/v2/search.page?q=6099653#T=A
6099707,male,2016,https://www.bricklink.com/v2/search.page?q=6099707#T=A
6099718,male,2016,https://www.bricklink.com/v2/search.page?q=6099718#T=A
6099719,male,2016,https://www.bricklink.com/v2/search.page?q=6099719#T=A
6099767,male,2016,https://www.bricklink.com/v2/search.page?q=6099767#T=A
6099779,neutral,2016,https://www.bricklink.com/v2/search.page?q=6099779#T=A
6099780,neutral,2016,https://www.bricklink.com/v2/search.page?q=6099780#T=A
6099782,neutral,2016,https://www.bricklink.com/v2/search.page?q=6099782#T=A
6099786,neutral,2016,https://www.bricklink.com/v2/search.page?q=6099786#T=A
6099786,neutral,2017,https://www.bricklink.com/v2/search.page?q=6099786#T=A
6099788,neutral,2016,https://www.bricklink.com/v2/search.page?q=6099788#T=A
6099792,female,2016,https://www.bricklink.com/v2/search.page?q=6099792#T=A
6099810,neutral,2016,https://www.bricklink.com/v2/search.page?q=6099810#T=A
6100023,male,2016,https://www.bricklink.com/v2/search.page?q=6100023#T=A
6100023,male,2017,https://www.bricklink.com/v2/search.page?q=6100023#T=A
6100023,male,2018,https://www.bricklink.com/v2/search.page?q=6100023#T=A
6100023,male,2019,https://www.bricklink.com/v2/search.page?q=6100023#T=A
6100023,male,2020,https://www.bricklink.com/v2/search.page?q=6100023#T=A
6100062,neutral,2016,https://www.bricklink.com/v2/search.page?q=6100062#T=A
6100062,neutral,2017,https://www.bricklink.com/v2/search.page?q=6100062#T=A
6100075,neutral,2016,https://www.bricklink.com/v2/search.page?q=6100075#T=A
6100429,neutral,2016,https://www.bricklink.com/v2/search.page?q=6100429#T=A
6100429,neutral,2017,https://www.bricklink.com/v2/search.page?q=6100429#T=A
6100765,neutral,2016,https://www.bricklink.com/v2/search.page?q=6100765#T=A
6100770,neutral,2016,https://www.bricklink.com/v2/search.page?q=6100770#T=A
6100844,female,2016,https://www.bricklink.com/v2/search.page?q=6100844#T=A
6100844,female,2017,https://www.bricklink.com/v2/search.page?q=6100844#T=A
6100844,female,2018,https://www.bricklink.com/v2/search.page?q=6100844#T=A
6100844,female,2019,https://www.bricklink.com/v2/search.page?q=6100844#T=A
6100844,female,2020,https://www.bricklink.com/v2/search.page?q=6100844#T=A
6102340,neutral,2016,https://www.bricklink.com/v2/search.page?q=6102340#T=A
6102371,neutral,2016,https://www.bricklink.com/v2/search.page?q=6102371#T=A
6102398,male,2016,https://www.bricklink.com/v2/search.page?q=6102398#T=A
6102696,neutral,2016,https://www.bricklink.com/v2/search.page?q=6102696#T=A
6103414,neutral,2016,https://www.bricklink.com/v2/search.page?q=6103414#T=A
6103414,neutral,2017,https://www.bricklink.com/v2/search.page?q=6103414#T=A
6103711,neutral,2016,https://www.bricklink.com/v2/search.page?q=6103711#T=A
6104351,female,2016,https://www.bricklink.com/v2/search.page?q=6104351#T=A
6104574,neutral,2016,https://www.bricklink.com/v2/search.page?q=6104574#T=A
6106445,neutral,2016,https://www.bricklink.com/v2/search.page?q=6106445#T=A
6107228,neutral,2016,https://www.bricklink.com/v2/search.page?q=6107228#T=A
6107228,neutral,2017,https://www.bricklink.com/v2/search.page?q=6107228#T=A
6107228,neutral,2018,https://www.bricklink.com/v2/search.page?q=6107228#T=A
6109525,neutral,2016,https://www.bricklink.com/v2/search.page?q=6109525#T=A
6109654,neutral,2016,https://www.bricklink.com/v2/search.page?q=6109654#T=A
6109654,neutral,2017,https://www.bricklink.com/v2/search.page?q=6109654#T=A
6109654,neutral,2018,https://www.bricklink.com/v2/search.page?q=6109654#T=A
6109654,neutral,2019,https://www.bricklink.com/v2/search.page?q=6109654#T=A
6109832,neutral,2016,https://www.bricklink.com/v2/search.page?q=6109832#T=A
6112230,female,2016,https://www.bricklink.com/v2/search.page?q=6112230#T=A
6112230,female,2019,https://www.bricklink.com/v2/search.page?q=6112230#T=A
6112612,female,2017,https://www.bricklink.com/v2/search.page?q=6112612#T=A
6112885,neutral,2015,https://www.bricklink.com/v2/search.page?q=6112885#T=A
6112890,neutral,2016,https://www.bricklink.com/v2/search.page?q=6112890#T=A
6113983,neutral,2016,https://www.bricklink.com/v2/search.page?q=6113983#T=A
6113983,neutral,2017,https://www.bricklink.com/v2/search.page?q=6113983#T=A
6113983,neutral,2018,https://www.bricklink.com/v2/search.page?q=6113983#T=A
6113983,neutral,2019,https://www.bricklink.com/v2/search.page?q=6113983#T=A
6114749,neutral,2016,https://www.bricklink.com/v2/search.page?q=6114749#T=A
6114749,neutral,2017,https://www.bricklink.com/v2/search.page?q=6114749#T=A
6114954,neutral,2016,https://www.bricklink.com/v2/search.page?q=6114954#T=A
6114970,neutral,2016,https://www.bricklink.com/v2/search.page?q=6114970#T=A
6115008,neutral,2016,https://www.bricklink.com/v2/search.page?q=6115008#T=A
6115049,neutral,2016,https://www.bricklink.com/v2/search.page?q=6115049#T=A
6115113,neutral,2016,https://www.bricklink.com/v2/search.page?q=6115113#T=A
6115582,neutral,2016,https://www.bricklink.com/v2/search.page?q=6115582#T=A
6115894,female,2017,https://www.bricklink.com/v2/search.page?q=6115894#T=A
6116640,female,2016,https://www.bricklink.com/v2/search.page?q=6116640#T=A
6116640,female,2017,https://www.bricklink.com/v2/search.page?q=6116640#T=A
6116640,female,2018,https://www.bricklink.com/v2/search.page?q=6116640#T=A
6116647,neutral,2016,https://www.bricklink.com/v2/search.page?q=6116647#T=A
6116668,female,2016,https://www.bricklink.com/v2/search.page?q=6116668#T=A
6116668,female,2017,https://www.bricklink.com/v2/search.page?q=6116668#T=A
6116690,neutral,2016,https://www.bricklink.com/v2/search.page?q=6116690#T=A
6116690,neutral,2017,https://www.bricklink.com/v2/search.page?q=6116690#T=A
6116690,neutral,2018,https://www.bricklink.com/v2/search.page?q=6116690#T=A
6116690,neutral,2019,https://www.bricklink.com/v2/search.page?q=6116690#T=A
6116697,female,2016,https://www.bricklink.com/v2/search.page?q=6116697#T=A
6116712,female,2016,https://www.bricklink.com/v2/search.page?q=6116712#T=A
6116730,neutral,2016,https://www.bricklink.com/v2/search.page?q=6116730#T=A
6116961,neutral,2016,https://www.bricklink.com/v2/search.page?q=6116961#T=A
6117015,neutral,2016,https://www.bricklink.com/v2/search.page?q=6117015#T=A
6117061,neutral,2016,https://www.bricklink.com/v2/search.page?q=6117061#T=A
6117061,neutral,2017,https://www.bricklink.com/v2/search.page?q=6117061#T=A
6117061,neutral,2018,https://www.bricklink.com/v2/search.page?q=6117061#T=A
6117069,neutral,2016,https://www.bricklink.com/v2/search.page?q=6117069#T=A
6117079,female,2016,https://www.bricklink.com/v2/search.page?q=6117079#T=A
6117079,female,2017,https://www.bricklink.com/v2/search.page?q=6117079#T=A
6117079,female,2018,https://www.bricklink.com/v2/search.page?q=6117079#T=A
6117082,neutral,2016,https://www.bricklink.com/v2/search.page?q=6117082#T=A
6117082,neutral,2017,https://www.bricklink.com/v2/search.page?q=6117082#T=A
6117082,neutral,2018,https://www.bricklink.com/v2/search.page?q=6117082#T=A
6117084,neutral,2016,https://www.bricklink.com/v2/search.page?q=6117084#T=A
6117084,neutral,2017,https://www.bricklink.com/v2/search.page?q=6117084#T=A
6117084,neutral,2018,https://www.bricklink.com/v2/search.page?q=6117084#T=A
6117141,neutral,2016,https://www.bricklink.com/v2/search.page?q=6117141#T=A
6117211,neutral,2016,https://www.bricklink.com/v2/search.page?q=6117211#T=A
6117567,neutral,2016,https://www.bricklink.com/v2/search.page?q=6117567#T=A
6117567,neutral,2017,https://www.bricklink.com/v2/search.page?q=6117567#T=A
6120213,neutral,2016,https://www.bricklink.com/v2/search.page?q=6120213#T=A
6120213,neutral,2017,https://www.bricklink.com/v2/search.page?q=6120213#T=A
6120214,neutral,2016,https://www.bricklink.com/v2/search.page?q=6120214#T=A
6120214,neutral,2017,https://www.bricklink.com/v2/search.page?q=6120214#T=A
6120219,neutral,2016,https://www.bricklink.com/v2/search.page?q=6120219#T=A
6120219,neutral,2017,https://www.bricklink.com/v2/search.page?q=6120219#T=A
6122280,male,2016,https://www.bricklink.com/v2/search.page?q=6122280#T=A
6122365,neutral,2016,https://www.bricklink.com/v2/search.page?q=6122365#T=A
6122436,male,2016,https://www.bricklink.com/v2/search.page?q=6122436#T=A
6122585,neutral,2016,https://www.bricklink.com/v2/search.page?q=6122585#T=A
6122988,female,2016,https://www.bricklink.com/v2/search.page?q=6122988#T=A
6122988,female,2017,https://www.bricklink.com/v2/search.page?q=6122988#T=A
6122988,female,2018,https://www.bricklink.com/v2/search.page?q=6122988#T=A
6123036,female,2016,https://www.bricklink.com/v2/search.page?q=6123036#T=A
6123735,female,2017,https://www.bricklink.com/v2/search.page?q=6123735#T=A
6123735,female,2018,https://www.bricklink.com/v2/search.page?q=6123735#T=A
6123948,neutral,2017,https://www.bricklink.com/v2/search.page?q=6123948#T=A
6123948,neutral,2018,https://www.bricklink.com/v2/search.page?q=6123948#T=A
6123985,neutral,2017,https://www.bricklink.com/v2/search.page?q=6123985#T=A
6124267,female,2017,https://www.bricklink.com/v2/search.page?q=6124267#T=A
6124267,female,2018,https://www.bricklink.com/v2/search.page?q=6124267#T=A
6124656,female,2017,https://www.bricklink.com/v2/search.page?q=6124656#T=A
6129010,neutral,2017,https://www.bricklink.com/v2/search.page?q=6129010#T=A
6129010,neutral,2018,https://www.bricklink.com/v2/search.page?q=6129010#T=A
6132595,neutral,2017,https://www.bricklink.com/v2/search.page?q=6132595#T=A
6132595,neutral,2018,https://www.bricklink.com/v2/search.page?q=6132595#T=A
6132659,neutral,2017,https://www.bricklink.com/v2/search.page?q=6132659#T=A
6132659,neutral,2018,https://www.bricklink.com/v2/search.page?q=6132659#T=A
6132663,male,2017,https://www.bricklink.com/v2/search.page?q=6132663#T=A
6132673,male,2017,https://www.bricklink.com/v2/search.page?q=6132673#T=A
6132687,male,2017,https://www.bricklink.com/v2/search.page?q=6132687#T=A
6132738,male,2017,https://www.bricklink.com/v2/search.page?q=6132738#T=A
6132814,neutral,2017,https://www.bricklink.com/v2/search.page?q=6132814#T=A
6132846,female,2017,https://www.bricklink.com/v2/search.page?q=6132846#T=A
6132869,neutral,2017,https://www.bricklink.com/v2/search.page?q=6132869#T=A
6133680,neutral,2018,https://www.bricklink.com/v2/search.page?q=6133680#T=A
6134607,female,2017,https://www.bricklink.com/v2/search.page?q=6134607#T=A
6136514,female,2017,https://www.bricklink.com/v2/search.page?q=6136514#T=A
6138225,neutral,2017,https://www.bricklink.com/v2/search.page?q=6138225#T=A
6138229,neutral,2017,https://www.bricklink.com/v2/search.page?q=6138229#T=A
6138609,neutral,2017,https://www.bricklink.com/v2/search.page?q=6138609#T=A
6139018,neutral,2017,https://www.bricklink.com/v2/search.page?q=6139018#T=A
6139024,neutral,2017,https://www.bricklink.com/v2/search.page?q=6139024#T=A
6139450,neutral,2017,https://www.bricklink.com/v2/search.page?q=6139450#T=A
6139527,neutral,2017,https://www.bricklink.com/v2/search.page?q=6139527#T=A
6141824,neutral,2017,https://www.bricklink.com/v2/search.page?q=6141824#T=A
6141824,neutral,2018,https://www.bricklink.com/v2/search.page?q=6141824#T=A
6141838,neutral,2017,https://www.bricklink.com/v2/search.page?q=6141838#T=A
6143557,neutral,2019,https://www.bricklink.com/v2/search.page?q=6143557#T=A
6143830,neutral,2016,https://www.bricklink.com/v2/search.page?q=6143830#T=A
6143830,neutral,2017,https://www.bricklink.com/v2/search.page?q=6143830#T=A
6143830,neutral,2018,https://www.bricklink.com/v2/search.page?q=6143830#T=A
6148134,neutral,2017,https://www.bricklink.com/v2/search.page?q=6148134#T=A
6150282,neutral,2016,https://www.bricklink.com/v2/search.page?q=6150282#T=A
6150613,neutral,2017,https://www.bricklink.com/v2/search.page?q=6150613#T=A
6151386,neutral,2017,https://www.bricklink.com/v2/search.page?q=6151386#T=A
6151409,neutral,2017,https://www.bricklink.com/v2/search.page?q=6151409#T=A
6151433,female,2017,https://www.bricklink.com/v2/search.page?q=6151433#T=A
6152085,female,2017,https://www.bricklink.com/v2/search.page?q=6152085#T=A
6152106,neutral,2017,https://www.bricklink.com/v2/search.page?q=6152106#T=A
6152683,female,2017,https://www.bricklink.com/v2/search.page?q=6152683#T=A
6152683,female,2018,https://www.bricklink.com/v2/search.page?q=6152683#T=A
6152683,female,2019,https://www.bricklink.com/v2/search.page?q=6152683#T=A
6153137,neutral,2017,https://www.bricklink.com/v2/search.page?q=6153137#T=A
6153137,neutral,2018,https://www.bricklink.com/v2/search.page?q=6153137#T=A
6153137,neutral,2019,https://www.bricklink.com/v2/search.page?q=6153137#T=A
6153137,neutral,2020,https://www.bricklink.com/v2/search.page?q=6153137#T=A
6153429,neutral,2017,https://www.bricklink.com/v2/search.page?q=6153429#T=A
6153835,neutral,2017,https://www.bricklink.com/v2/search.page?q=6153835#T=A
6153891,neutral,2017,https://www.bricklink.com/v2/search.page?q=6153891#T=A
6153891,neutral,2018,https://www.bricklink.com/v2/search.page?q=6153891#T=A
6155220,neutral,2016,https://www.bricklink.com/v2/search.page?q=6155220#T=A
6155220,neutral,2017,https://www.bricklink.com/v2/search.page?q=6155220#T=A
6155220,neutral,2018,https://www.bricklink.com/v2/search.page?q=6155220#T=A
6155220,neutral,2019,https://www.bricklink.com/v2/search.page?q=6155220#T=A
6155220,neutral,2020,https://www.bricklink.com/v2/search.page?q=6155220#T=A
6155227,male,2016,https://www.bricklink.com/v2/search.page?q=6155227#T=A
6155227,male,2017,https://www.bricklink.com/v2/search.page?q=6155227#T=A
6155227,male,2018,https://www.bricklink.com/v2/search.page?q=6155227#T=A
6155234,neutral,2016,https://www.bricklink.com/v2/search.page?q=6155234#T=A
6155234,neutral,2017,https://www.bricklink.com/v2/search.page?q=6155234#T=A
6155234,neutral,2018,https://www.bricklink.com/v2/search.page?q=6155234#T=A
6155234,neutral,2019,https://www.bricklink.com/v2/search.page?q=6155234#T=A
6155234,neutral,2020,https://www.bricklink.com/v2/search.page?q=6155234#T=A
6155270,female,2016,https://www.bricklink.com/v2/search.page?q=6155270#T=A
6155270,female,2017,https://www.bricklink.com/v2/search.page?q=6155270#T=A
6155270,female,2018,https://www.bricklink.com/v2/search.page?q=6155270#T=A
6155270,female,2019,https://www.bricklink.com/v2/search.page?q=6155270#T=A
6155270,female,2020,https://www.bricklink.com/v2/search.page?q=6155270#T=A
6157703,neutral,2017,https://www.bricklink.com/v2/search.page?q=6157703#T=A
6172575,neutral,2018,https://www.bricklink.com/v2/search.page?q=6172575#T=A
6172575,neutral,2019,https://www.bricklink.com/v2/search.page?q=6172575#T=A
6173660,female,2018,https://www.bricklink.com/v2/search.page?q=6173660#T=A
6174502,female,2018,https://www.bricklink.com/v2/search.page?q=6174502#T=A
6174502,female,2019,https://www.bricklink.com/v2/search.page?q=6174502#T=A
6174502,female,2020,https://www.bricklink.com/v2/search.page?q=6174502#T=A
6174826,female,2018,https://www.bricklink.com/v2/search.page?q=6174826#T=A
6174826,female,2019,https://www.bricklink.com/v2/search.page?q=6174826#T=A
6176391,neutral,2019,https://www.bricklink.com/v2/search.page?q=6176391#T=A
6176441,neutral,2018,https://www.bricklink.com/v2/search.page?q=6176441#T=A
6176441,neutral,2019,https://www.bricklink.com/v2/search.page?q=6176441#T=A
6176441,neutral,2020,https://www.bricklink.com/v2/search.page?q=6176441#T=A
6176666,neutral,2018,https://www.bricklink.com/v2/search.page?q=6176666#T=A
6177568,neutral,2019,https://www.bricklink.com/v2/search.page?q=6177568#T=A
6177771,neutral,2018,https://www.bricklink.com/v2/search.page?q=6177771#T=A
6178696,neutral,2018,https://www.bricklink.com/v2/search.page?q=6178696#T=A
6178966,neutral,2018,https://www.bricklink.com/v2/search.page?q=6178966#T=A
6179212,neutral,2018,https://www.bricklink.com/v2/search.page?q=6179212#T=A
6179311,female,2018,https://www.bricklink.com/v2/search.page?q=6179311#T=A
6179311,female,2019,https://www.bricklink.com/v2/search.page?q=6179311#T=A
6179311,female,2020,https://www.bricklink.com/v2/search.page?q=6179311#T=A
6181891,neutral,2018,https://www.bricklink.com/v2/search.page?q=6181891#T=A
6182326,female,2018,https://www.bricklink.com/v2/search.page?q=6182326#T=A
6182407,neutral,2018,https://www.bricklink.com/v2/search.page?q=6182407#T=A
6182699,neutral,2018,https://www.bricklink.com/v2/search.page?q=6182699#T=A
6182771,female,2018,https://www.bricklink.com/v2/search.page?q=6182771#T=A
6182771,female,2019,https://www.bricklink.com/v2/search.page?q=6182771#T=A
6182771,female,2020,https://www.bricklink.com/v2/search.page?q=6182771#T=A
6182805,female,2018,https://www.bricklink.com/v2/search.page?q=6182805#T=A
6182856,neutral,2018,https://www.bricklink.com/v2/search.page?q=6182856#T=A
6184842,neutral,2018,https://www.bricklink.com/v2/search.page?q=6184842#T=A
6185450,neutral,2018,https://www.bricklink.com/v2/search.page?q=6185450#T=A
6185504,neutral,2018,https://www.bricklink.com/v2/search.page?q=6185504#T=A
6185515,female,2018,https://www.bricklink.com/v2/search.page?q=6185515#T=A
6185541,female,2018,https://www.bricklink.com/v2/search.page?q=6185541#T=A
6186014,neutral,2018,https://www.bricklink.com/v2/search.page?q=6186014#T=A
6186335,neutral,2018,https://www.bricklink.com/v2/search.page?q=6186335#T=A
6187500,neutral,2018,https://www.bricklink.com/v2/search.page?q=6187500#T=A
6187500,neutral,2019,https://www.bricklink.com/v2/search.page?q=6187500#T=A
6187500,neutral,2020,https://www.bricklink.com/v2/search.page?q=6187500#T=A
6188944,neutral,2018,https://www.bricklink.com/v2/search.page?q=6188944#T=A
6189002,neutral,2018,https://www.bricklink.com/v2/search.page?q=6189002#T=A
6191864,neutral,2019,https://www.bricklink.com/v2/search.page?q=6191864#T=A
6192107,female,2018,https://www.bricklink.com/v2/search.page?q=6192107#T=A
6192107,female,2019,https://www.bricklink.com/v2/search.page?q=6192107#T=A
6192107,female,2020,https://www.bricklink.com/v2/search.page?q=6192107#T=A
6192136,male,2018,https://www.bricklink.com/v2/search.page?q=6192136#T=A
6192136,male,2019,https://www.bricklink.com/v2/search.page?q=6192136#T=A
6192688,neutral,2019,https://www.bricklink.com/v2/search.page?q=6192688#T=A
6192713,male,2018,https://www.bricklink.com/v2/search.page?q=6192713#T=A
6192723,female,2018,https://www.bricklink.com/v2/search.page?q=6192723#T=A
6192747,neutral,2018,https://www.bricklink.com/v2/search.page?q=6192747#T=A
6192747,neutral,2019,https://www.bricklink.com/v2/search.page?q=6192747#T=A
6192798,neutral,2018,https://www.bricklink.com/v2/search.page?q=6192798#T=A
6192798,neutral,2019,https://www.bricklink.com/v2/search.page?q=6192798#T=A
6192807,female,2018,https://www.bricklink.com/v2/search.page?q=6192807#T=A
6192807,female,2019,https://www.bricklink.com/v2/search.page?q=6192807#T=A
6192807,female,2020,https://www.bricklink.com/v2/search.page?q=6192807#T=A
6193838,male,2018,https://www.bricklink.com/v2/search.page?q=6193838#T=A
6193838,male,2019,https://www.bricklink.com/v2/search.page?q=6193838#T=A
6193838,male,2020,https://www.bricklink.com/v2/search.page?q=6193838#T=A
6197081,female,2018,https://www.bricklink.com/v2/search.page?q=6197081#T=A
6199564,male,2018,https://www.bricklink.com/v2/search.page?q=6199564#T=A
6199801,male,2018,https://www.bricklink.com/v2/search.page?q=6199801#T=A
6199921,neutral,2018,https://www.bricklink.com/v2/search.page?q=6199921#T=A
6200986,neutral,2018,https://www.bricklink.com/v2/search.page?q=6200986#T=A
6202396,neutral,2018,https://www.bricklink.com/v2/search.page?q=6202396#T=A
6203235,neutral,2018,https://www.bricklink.com/v2/search.page?q=6203235#T=A
6203248,neutral,2018,https://www.bricklink.com/v2/search.page?q=6203248#T=A
6204118,female,2018,https://www.bricklink.com/v2/search.page?q=6204118#T=A
6205335,neutral,2019,https://www.bricklink.com/v2/search.page?q=6205335#T=A
6205344,neutral,2018,https://www.bricklink.com/v2/search.page?q=6205344#T=A
6209902,neutral,2019,https://www.bricklink.com/v2/search.page?q=6209902#T=A
6209902,neutral,2020,https://www.bricklink.com/v2/search.page?q=6209902#T=A
6209915,neutral,2019,https://www.bricklink.com/v2/search.page?q=6209915#T=A
6209933,female,2019,https://www.bricklink.com/v2/search.page?q=6209933#T=A
6209966,neutral,2019,https://www.bricklink.com/v2/search.page?q=6209966#T=A
6210381,female,2019,https://www.bricklink.com/v2/search.page?q=6210381#T=A
6210381,female,2020,https://www.bricklink.com/v2/search.page?q=6210381#T=A
6210536,neutral,2019,https://www.bricklink.com/v2/search.page?q=6210536#T=A
6211502,neutral,2019,https://www.bricklink.com/v2/search.page?q=6211502#T=A
6211521,neutral,2019,https://www.bricklink.com/v2/search.page?q=6211521#T=A
6212278,neutral,2019,https://www.bricklink.com/v2/search.page?q=6212278#T=A
6212281,neutral,2019,https://www.bricklink.com/v2/search.page?q=6212281#T=A
6212315,female,2019,https://www.bricklink.com/v2/search.page?q=6212315#T=A
6212330,neutral,2019,https://www.bricklink.com/v2/search.page?q=6212330#T=A
6212330,neutral,2020,https://www.bricklink.com/v2/search.page?q=6212330#T=A
6212418,male,2019,https://www.bricklink.com/v2/search.page?q=6212418#T=A
6213816,female,2019,https://www.bricklink.com/v2/search.page?q=6213816#T=A
6214544,neutral,2019,https://www.bricklink.com/v2/search.page?q=6214544#T=A
6214607,male,2019,https://www.bricklink.com/v2/search.page?q=6214607#T=A
6214651,neutral,2019,https://www.bricklink.com/v2/search.page?q=6214651#T=A
6214651,neutral,2020,https://www.bricklink.com/v2/search.page?q=6214651#T=A
6214775,neutral,2019,https://www.bricklink.com/v2/search.page?q=6214775#T=A
6214881,neutral,2019,https://www.bricklink.com/v2/search.page?q=6214881#T=A
6215083,neutral,2019,https://www.bricklink.com/v2/search.page?q=6215083#T=A
6215092,neutral,2019,https://www.bricklink.com/v2/search.page?q=6215092#T=A
6215633,neutral,2019,https://www.bricklink.com/v2/search.page?q=6215633#T=A
6216954,neutral,2019,https://www.bricklink.com/v2/search.page?q=6216954#T=A
6217163,female,2019,https://www.bricklink.com/v2/search.page?q=6217163#T=A
6217178,female,2019,https://www.bricklink.com/v2/search.page?q=6217178#T=A
6217178,female,2020,https://www.bricklink.com/v2/search.page?q=6217178#T=A
6217198,neutral,2019,https://www.bricklink.com/v2/search.page?q=6217198#T=A
6217198,neutral,2020,https://www.bricklink.com/v2/search.page?q=6217198#T=A
6217841,female,2019,https://www.bricklink.com/v2/search.page?q=6217841#T=A
6217841,female,2020,https://www.bricklink.com/v2/search.page?q=6217841#T=A
6218079,male,2019,https://www.bricklink.com/v2/search.page?q=6218079#T=A
6218079,male,2020,https://www.bricklink.com/v2/search.page?q=6218079#T=A
6218205,female,2019,https://www.bricklink.com/v2/search.page?q=6218205#T=A
6218534,neutral,2019,https://www.bricklink.com/v2/search.page?q=6218534#T=A
6218557,female,2019,https://www.bricklink.com/v2/search.page?q=6218557#T=A
6218607,neutral,2019,https://www.bricklink.com/v2/search.page?q=6218607#T=A
6218607,neutral,2020,https://www.bricklink.com/v2/search.page?q=6218607#T=A
6219529,neutral,2018,https://www.bricklink.com/v2/search.page?q=6219529#T=A
6219529,neutral,2019,https://www.bricklink.com/v2/search.page?q=6219529#T=A
6219529,neutral,2020,https://www.bricklink.com/v2/search.page?q=6219529#T=A
6223854,female,2019,https://www.bricklink.com/v2/search.page?q=6223854#T=A
6223854,female,2020,https://www.bricklink.com/v2/search.page?q=6223854#T=A
6224126,female,2019,https://www.bricklink.com/v2/search.page?q=6224126#T=A
6225079,neutral,2019,https://www.bricklink.com/v2/search.page?q=6225079#T=A
6225084,neutral,2019,https://www.bricklink.com/v2/search.page?q=6225084#T=A
6225097,neutral,2019,https://www.bricklink.com/v2/search.page?q=6225097#T=A
6225154,female,2019,https://www.bricklink.com/v2/search.page?q=6225154#T=A
6225202,neutral,2019,https://www.bricklink.com/v2/search.page?q=6225202#T=A
6225209,neutral,2019,https://www.bricklink.com/v2/search.page?q=6225209#T=A
6225209,neutral,2020,https://www.bricklink.com/v2/search.page?q=6225209#T=A
6225482,neutral,2019,https://www.bricklink.com/v2/search.page?q=6225482#T=A
6226608,neutral,2019,https://www.bricklink.com/v2/search.page?q=6226608#T=A
6226672,neutral,2019,https://www.bricklink.com/v2/search.page?q=6226672#T=A
6226759,neutral,2019,https://www.bricklink.com/v2/search.page?q=6226759#T=A
6227671,neutral,2019,https://www.bricklink.com/v2/search.page?q=6227671#T=A
6227707,male,2019,https://www.bricklink.com/v2/search.page?q=6227707#T=A
6227718,neutral,2019,https://www.bricklink.com/v2/search.page?q=6227718#T=A
6227724,female,2019,https://www.bricklink.com/v2/search.page?q=6227724#T=A
6227984,female,2019,https://www.bricklink.com/v2/search.page?q=6227984#T=A
6228868,neutral,2019,https://www.bricklink.com/v2/search.page?q=6228868#T=A
6230068,neutral,2019,https://www.bricklink.com/v2/search.page?q=6230068#T=A
6230119,neutral,2019,https://www.bricklink.com/v2/search.page?q=6230119#T=A
6230344,female,2019,https://www.bricklink.com/v2/search.page?q=6230344#T=A
6230452,neutral,2019,https://www.bricklink.com/v2/search.page?q=6230452#T=A
6230458,male,2019,https://www.bricklink.com/v2/search.page?q=6230458#T=A
6230486,neutral,2019,https://www.bricklink.com/v2/search.page?q=6230486#T=A
6230573,neutral,2019,https://www.bricklink.com/v2/search.page?q=6230573#T=A
6231867,female,2019,https://www.bricklink.com/v2/search.page?q=6231867#T=A
6231949,neutral,2019,https://www.bricklink.com/v2/search.page?q=6231949#T=A
6231969,female,2019,https://www.bricklink.com/v2/search.page?q=6231969#T=A
6231969,female,2020,https://www.bricklink.com/v2/search.page?q=6231969#T=A
6232326,neutral,2019,https://www.bricklink.com/v2/search.page?q=6232326#T=A
6232338,female,2019,https://www.bricklink.com/v2/search.page?q=6232338#T=A
6232341,neutral,2019,https://www.bricklink.com/v2/search.page?q=6232341#T=A
6232349,neutral,2019,https://www.bricklink.com/v2/search.page?q=6232349#T=A
6232369,neutral,2019,https://www.bricklink.com/v2/search.page?q=6232369#T=A
6232509,neutral,2019,https://www.bricklink.com/v2/search.page?q=6232509#T=A
6237179,female,2019,https://www.bricklink.com/v2/search.page?q=6237179#T=A
6250318,neutral,2019,https://www.bricklink.com/v2/search.page?q=6250318#T=A
6250381,neutral,2019,https://www.bricklink.com/v2/search.page?q=6250381#T=A
6250580,neutral,2019,https://www.bricklink.com/v2/search.page?q=6250580#T=A
6250580,neutral,2020,https://www.bricklink.com/v2/search.page?q=6250580#T=A
6250847,female,2019,https://www.bricklink.com/v2/search.page?q=6250847#T=A
6250891,neutral,2019,https://www.bricklink.com/v2/search.page?q=6250891#T=A
6250999,neutral,2019,https://www.bricklink.com/v2/search.page?q=6250999#T=A
6251152,neutral,2019,https://www.bricklink.com/v2/search.page?q=6251152#T=A
6251160,neutral,2019,https://www.bricklink.com/v2/search.page?q=6251160#T=A
6251183,neutral,2019,https://www.bricklink.com/v2/search.page?q=6251183#T=A
6251283,male,2019,https://www.bricklink.com/v2/search.page?q=6251283#T=A
6251397,male,2019,https://www.bricklink.com/v2/search.page?q=6251397#T=A
6251437,male,2019,https://www.bricklink.com/v2/search.page?q=6251437#T=A
6251549,neutral,2019,https://www.bricklink.com/v2/search.page?q=6251549#T=A
6251960,neutral,2019,https://www.bricklink.com/v2/search.page?q=6251960#T=A
6252121,neutral,2019,https://www.bricklink.com/v2/search.page?q=6252121#T=A
6252211,female,2019,https://www.bricklink.com/v2/search.page?q=6252211#T=A
6253290,neutral,2019,https://www.bricklink.com/v2/search.page?q=6253290#T=A
6253290,neutral,2020,https://www.bricklink.com/v2/search.page?q=6253290#T=A
6253386,female,2019,https://www.bricklink.com/v2/search.page?q=6253386#T=A
6253386,female,2020,https://www.bricklink.com/v2/search.page?q=6253386#T=A
6253546,neutral,2019,https://www.bricklink.com/v2/search.page?q=6253546#T=A
6253546,neutral,2020,https://www.bricklink.com/v2/search.page?q=6253546#T=A
6253626,female,2019,https://www.bricklink.com/v2/search.page?q=6253626#T=A
6254189,neutral,2019,https://www.bricklink.com/v2/search.page?q=6254189#T=A
6254491,female,2019,https://www.bricklink.com/v2/search.page?q=6254491#T=A
6254507,female,2019,https://www.bricklink.com/v2/search.page?q=6254507#T=A
6254512,female,2019,https://www.bricklink.com/v2/search.page?q=6254512#T=A
6254516,neutral,2019,https://www.bricklink.com/v2/search.page?q=6254516#T=A
6254768,neutral,2019,https://www.bricklink.com/v2/search.page?q=6254768#T=A
6254768,neutral,2020,https://www.bricklink.com/v2/search.page?q=6254768#T=A
6255819,neutral,2019,https://www.bricklink.com/v2/search.page?q=6255819#T=A
6256880,female,2019,https://www.bricklink.com/v2/search.page?q=6256880#T=A
6256933,neutral,2019,https://www.bricklink.com/v2/search.page?q=6256933#T=A
6256935,neutral,2019,https://www.bricklink.com/v2/search.page?q=6256935#T=A
6257704,neutral,2019,https://www.bricklink.com/v2/search.page?q=6257704#T=A
6258147,female,2019,https://www.bricklink.com/v2/search.page?q=6258147#T=A
6258163,neutral,2019,https://www.bricklink.com/v2/search.page?q=6258163#T=A
6258224,neutral,2019,https://www.bricklink.com/v2/search.page?q=6258224#T=A
6258230,neutral,2019,https://www.bricklink.com/v2/search.page?q=6258230#T=A
6258241,neutral,2019,https://www.bricklink.com/v2/search.page?q=6258241#T=A
6258245,female,2019,https://www.bricklink.com/v2/search.page?q=6258245#T=A
6258853,female,2019,https://www.bricklink.com/v2/search.page?q=6258853#T=A
6259046,male,2019,https://www.bricklink.com/v2/search.page?q=6259046#T=A
6265223,neutral,2019,https://www.bricklink.com/v2/search.page?q=6265223#T=A
6265223,neutral,2020,https://www.bricklink.com/v2/search.page?q=6265223#T=A
6265558,neutral,2020,https://www.bricklink.com/v2/search.page?q=6265558#T=A
6265614,neutral,2020,https://www.bricklink.com/v2/search.page?q=6265614#T=A
6267089,neutral,2020,https://www.bricklink.com/v2/search.page?q=6267089#T=A
6268036,neutral,2020,https://www.bricklink.com/v2/search.page?q=6268036#T=A
6268039,neutral,2020,https://www.bricklink.com/v2/search.page?q=6268039#T=A
6268601,neutral,2020,https://www.bricklink.com/v2/search.page?q=6268601#T=A
6270449,neutral,2020,https://www.bricklink.com/v2/search.page?q=6270449#T=A
6270820,neutral,2020,https://www.bricklink.com/v2/search.page?q=6270820#T=A
6271121,female,2020,https://www.bricklink.com/v2/search.page?q=6271121#T=A
6271173,female,2020,https://www.bricklink.com/v2/search.page?q=6271173#T=A
6271234,neutral,2020,https://www.bricklink.com/v2/search.page?q=6271234#T=A
6283833,neutral,2020,https://www.bricklink.com/v2/search.page?q=6283833#T=A
6283839,female,2020,https://www.bricklink.com/v2/search.page?q=6283839#T=A
6284576,neutral,2020,https://www.bricklink.com/v2/search.page?q=6284576#T=A
6287376,neutral,2020,https://www.bricklink.com/v2/search.page?q=6287376#T=A
6288269,neutral,2020,https://www.bricklink.com/v2/search.page?q=6288269#T=A
6288580,neutral,2020,https://www.bricklink.com/v2/search.page?q=6288580#T=A
6290507,neutral,2020,https://www.bricklink.com/v2/search.page?q=6290507#T=A
6292182,neutral,2020,https://www.bricklink.com/v2/search.page?q=6292182#T=A
6292510,neutral,2020,https://www.bricklink.com/v2/search.page?q=6292510#T=A
6293252,female,2020,https://www.bricklink.com/v2/search.page?q=6293252#T=A
6293299,female,2020,https://www.bricklink.com/v2/search.page?q=6293299#T=A
6294887,neutral,2020,https://www.bricklink.com/v2/search.page?q=6294887#T=A
6295181,neutral,2020,https://www.bricklink.com/v2/search.page?q=6295181#T=A
6302015,neutral,2020,https://www.bricklink.com/v2/search.page?q=6302015#T=A
6331484,neutral,2021,https://www.bricklink.com/v2/search.page?q=6331484#T=A
6337135,neutral,2021,https://www.bricklink.com/v2/search.page?q=6337135#T=A
6338496,neutral,2021,https://www.bricklink.com/v2/search.page?q=6338496#T=A
6343528,neutral,2022,https://www.bricklink.com/v2/search.page?q=6343528#T=A
6345278,neutral,2022,https://www.bricklink.com/v2/search.page?q=6345278#T=A
6345280,neutral,2022,https://www.bricklink.com/v2/search.page?q=6345280#T=A
6348014,neutral,2022,https://www.bricklink.com/v2/search.page?q=6348014#T=A
6349516,neutral,2022,https://www.bricklink.com/v2/search.page?q=6349516#T=A
6350639,neutral,2022,https://www.bricklink.com/v2/search.page?q=6350639#T=A
6350675,female,2022,https://www.bricklink.com/v2/search.page?q=6350675#T=A
6350811,neutral,2022,https://www.bricklink.com/v2/search.page?q=6350811#T=A
6352891,neutral,2022,https://www.bricklink.com/v2/search.page?q=6352891#T=A
6356328,neutral,2022,https://www.bricklink.com/v2/search.page?q=6356328#T=A
6356351,neutral,2022,https://www.bricklink.com/v2/search.page?q=6356351#T=A
6356437,neutral,2022,https://www.bricklink.com/v2/search.page?q=6356437#T=A
6356563,neutral,2022,https://www.bricklink.com/v2/search.page?q=6356563#T=A
6356591,neutral,2022,https://www.bricklink.com/v2/search.page?q=6356591#T=A
6356613,neutral,2022,https://www.bricklink.com/v2/search.page?q=6356613#T=A
6357677,male,2022,https://www.bricklink.com/v2/search.page?q=6357677#T=A
6362427,neutral,2022,https://www.bricklink.com/v2/search.page?q=6362427#T=A
6362428,male,2022,https://www.bricklink.com/v2/search.page?q=6362428#T=A
6371089,neutral,2022,https://www.bricklink.com/v2/search.page?q=6371089#T=A
6371369,neutral,2022,https://www.bricklink.com/v2/search.page?q=6371369#T=A
6376848,neutral,2022,https://www.bricklink.com/v2/search.page?q=6376848#T=A
6378271,neutral,2022,https://www.bricklink.com/v2/search.page?q=6378271#T=A
6381754,neutral,2022,https://www.bricklink.com/v2/search.page?q=6381754#T=A
6382240,neutral,2022,https://www.bricklink.com/v2/search.page?q=6382240#T=A
6385228,neutral,2022,https://www.bricklink.com/v2/search.page?q=6385228#T=A
6386209,female,2022,https://www.bricklink.com/v2/search.page?q=6386209#T=A
6387922,male,2022,https://www.bricklink.com/v2/search.page?q=6387922#T=A
6387994,neutral,2022,https://www.bricklink.com/v2/search.page?q=6387994#T=A
6388463,female,2022,https://www.bricklink.com/v2/search.page?q=6388463#T=A
6389826,neutral,2022,https://www.bricklink.com/v2/search.page?q=6389826#T=A
6389899,neutral,2022,https://www.bricklink.com/v2/search.page?q=6389899#T=A
6390070,neutral,2022,https://www.bricklink.com/v2/search.page?q=6390070#T=A
6390087,neutral,2022,https://www.bricklink.com/v2/search.page?q=6390087#T=A
6390136,neutral,2022,https://www.bricklink.com/v2/search.page?q=6390136#T=A
6390143,neutral,2022,https://www.bricklink.com/v2/search.page?q=6390143#T=A
6390146,female,2022,https://www.bricklink.com/v2/search.page?q=6390146#T=A
6390163,neutral,2022,https://www.bricklink.com/v2/search.page?q=6390163#T=A
6390702,neutral,2022,https://www.bricklink.com/v2/search.page?q=6390702#T=A
6392062,neutral,2022,https://www.bricklink.com/v2/search.page?q=6392062#T=A
6392064,neutral,2022,https://www.bricklink.com/v2/search.page?q=6392064#T=A
6392114,neutral,2022,https://www.bricklink.com/v2/search.page?q=6392114#T=A
6392156,neutral,2022,https://www.bricklink.com/v2/search.page?q=6392156#T=A
6392173,female,2022,https://www.bricklink.com/v2/search.page?q=6392173#T=A
